2026/06/07 15:57:05.826337 [INFO] Starting...
2026/06/07 15:57:05.826389 [INFO] Starting EBPlatform-PlatformEngine
2026/06/07 15:57:05.826470 [INFO] reading event message file
2026/06/07 15:57:05.826831 [INFO] Engine received EB command userdata-exec

2026/06/07 15:57:05.845168 [INFO] Running command: /opt/aws/bin/cfn-get-metadata -s arn:aws:cloudformation:ap-south-1:821279529027:stack/awseb-e-2ta8uv25be-immutable-stack/6d010120-6289-11f1-93e2-06430c6703bd -r AWSEBAutoScalingGroup --region ap-south-1
2026/06/07 15:57:06.075696 [INFO] Running command: /opt/aws/bin/cfn-get-metadata -s arn:aws:cloudformation:ap-south-1:821279529027:stack/awseb-e-2ta8uv25be-immutable-stack/6d010120-6289-11f1-93e2-06430c6703bd -r AWSEBBeanstalkMetadata --region ap-south-1
2026/06/07 15:57:06.354693 [INFO] Received 404 status code from launch URL. This is a scale-up instance.
2026/06/07 15:57:06.354771 [INFO] Setting up deployment log with timestamp
2026/06/07 15:57:06.355098 [INFO] Initialized SelfStartup S3 deployment log uploader for s3://elasticbeanstalk-ap-south-1-821279529027/resources/environments/logs/deployments/e-2ta8uv25be/selfstartup/eb-deployment-20260607T155706Z-i-09769252ad78ece22.log
2026/06/07 15:57:06.355119 [INFO] Engine command: (self-startup)

2026/06/07 15:57:06.355123 [INFO] Downloading EB Application...
2026/06/07 15:57:06.355125 [INFO] Region: ap-south-1
2026/06/07 15:57:06.355127 [INFO] envID: e-2ta8uv25be
2026/06/07 15:57:06.355129 [INFO] envBucket: elasticbeanstalk-ap-south-1-821279529027
2026/06/07 15:57:06.355131 [INFO] accountID: 821279529027
2026/06/07 15:57:06.355134 [INFO] Using manifest file name from command request
2026/06/07 15:57:06.355142 [INFO] Trying to download manifest using key ManifestFileS3Key...
2026/06/07 15:57:06.355144 [INFO] ManifestFileS3Key (resources/environments/e-2ta8uv25be/_runtime/immutable_deployment_versions/manifest_1780847747365) from cfn template

2026/06/07 15:57:06.355316 [INFO] Downloading: bucket: elasticbeanstalk-ap-south-1-821279529027, object: resources/environments/e-2ta8uv25be/_runtime/immutable_deployment_versions/manifest_1780847747365, expected bucket owner: 821279529027
2026/06/07 15:57:06.393228 [INFO] Download successful156bytes downloaded
2026/06/07 15:57:06.393341 [INFO] Trying to read and parse version manifest...
2026/06/07 15:57:06.393437 [INFO] Downloading: bucket: elasticbeanstalk-ap-south-1-821279529027, object: resources/environments/e-2ta8uv25be/_runtime/_versions/onebharat-foreigntent/onebharat-foreigntent-9, expected bucket owner: 821279529027
2026/06/07 15:57:06.461889 [INFO] Download successful47231bytes downloaded
2026/06/07 15:57:06.462240 [INFO] Executing instruction: SyncClock
2026/06/07 15:57:06.462244 [INFO] Starting SyncClock
2026/06/07 15:57:06.462254 [INFO] Running command: /usr/bin/chronyc tracking
2026/06/07 15:57:06.465795 [INFO] Reference ID    : 00000000 ()
Stratum         : 0
Ref time (UTC)  : Thu Jan 01 00:00:00 1970
System time     : 0.000000000 seconds slow of NTP time
Last offset     : +0.000000000 seconds
RMS offset      : 0.000000000 seconds
Frequency       : 2.694 ppm slow
Residual freq   : +0.000 ppm
Skew            : 0.000 ppm
Root delay      : 1.000000000 seconds
Root dispersion : 1.000000000 seconds
Update interval : 0.0 seconds
Leap status     : Not synchronised

2026/06/07 15:57:06.465810 [INFO] Running command: /usr/bin/chronyc -a makestep
2026/06/07 15:57:06.469421 [INFO] 200 OK

2026/06/07 15:57:06.469469 [INFO] Skipping Configure OS
2026/06/07 15:57:06.469474 [INFO] Skipping LockRepo
2026/06/07 15:57:06.469478 [INFO] Skipping GenerateEBBanner
2026/06/07 15:57:06.469484 [INFO] Skipping Install Process Manager
2026/06/07 15:57:06.469489 [INFO] Skipping install syslog
2026/06/07 15:57:06.469494 [INFO] Skipping install cron
2026/06/07 15:57:06.469500 [INFO] Skipping install proxy
2026/06/07 15:57:06.469505 [INFO] Skipping installhealthd
2026/06/07 15:57:06.469508 [INFO] Skipping Install Log Streaming Manager
2026/06/07 15:57:06.469512 [INFO] Skipping install X-Ray
2026/06/07 15:57:06.469516 [INFO] Skipping install Third Party License
2026/06/07 15:57:06.469527 [INFO] Instance has NOT been bootstrapped
2026/06/07 15:57:06.469529 [INFO] Executing instruction: installSqsd
2026/06/07 15:57:06.469532 [INFO] This is a web server environment instance, skip install sqsd daemon ...
2026/06/07 15:57:06.469536 [INFO] Instance has NOT been bootstrapped
2026/06/07 15:57:06.469538 [INFO] Executing instruction: bootstraphealthd
2026/06/07 15:57:06.469540 [INFO] this is an enhanced health env ...
2026/06/07 15:57:06.469550 [INFO] bootstrap healthd....
2026/06/07 15:57:06.469560 [INFO] Running command: /usr/bin/id -u healthd || /usr/sbin/useradd --user-group healthd -s /sbin/nologin --create-home
2026/06/07 15:57:06.634433 [INFO] /usr/bin/id: ‘healthd’: no such user

2026/06/07 15:57:06.634858 [INFO] configure bundle log for healthd...
2026/06/07 15:57:06.634988 [INFO] Executing instruction: GetSetupProxyLog
2026/06/07 15:57:06.635059 [INFO] Executing instruction: GetSetupAnalyzeLogs
2026/06/07 15:57:06.635123 [INFO] Skipping Install yum packages
2026/06/07 15:57:06.635127 [INFO] Skipping Install Golang Dependency
2026/06/07 15:57:06.635131 [INFO] Skipping MarkBaked
2026/06/07 15:57:06.635138 [INFO] Instance has NOT been bootstrapped
2026/06/07 15:57:06.635140 [INFO] Executing instruction: TuneSystemSettings
2026/06/07 15:57:06.635142 [INFO] Starting TuneSystemSettings
2026/06/07 15:57:06.635145 [INFO] Instance has NOT been bootstrapped
2026/06/07 15:57:06.637152 [INFO] Executing instruction: GetSetupLogRotate
2026/06/07 15:57:06.637161 [INFO] Initialize LogRotate files and directories
2026/06/07 15:57:06.653118 [INFO] Instance has NOT been bootstrapped
2026/06/07 15:57:06.653133 [INFO] Executing instruction: BootstrapCFNHup
2026/06/07 15:57:06.653135 [INFO] Bootstrap cfn-hup
2026/06/07 15:57:06.655150 [INFO] Copying file /opt/elasticbeanstalk/config/private/aws-eb-command-handler.conf to /etc/cfn/hooks.d/aws-eb-command-handler.conf
2026/06/07 15:57:06.657265 [INFO] Executing instruction: StartCFNHup
2026/06/07 15:57:06.657277 [INFO] Start cfn-hup
2026/06/07 15:57:06.657292 [INFO] Running command: systemctl show -p PartOf cfn-hup.service
2026/06/07 15:57:06.671533 [INFO] cfn-hup is not registered with EB yet, registering it now
2026/06/07 15:57:06.671649 [INFO] Running command: systemctl show -p PartOf cfn-hup.service
2026/06/07 15:57:06.686933 [INFO] Running command: systemctl daemon-reload
2026/06/07 15:57:06.900394 [INFO] Running command: systemctl reset-failed
2026/06/07 15:57:06.910749 [INFO] Running command: systemctl is-enabled aws-eb.target
2026/06/07 15:57:06.918599 [INFO] Running command: systemctl enable aws-eb.target
2026/06/07 15:57:07.182747 [INFO] Running command: systemctl start aws-eb.target
2026/06/07 15:57:07.192021 [INFO] Running command: systemctl enable cfn-hup.service
2026/06/07 15:57:07.420513 [INFO] Created symlink /etc/systemd/system/multi-user.target.wants/cfn-hup.service → /etc/systemd/system/cfn-hup.service.

2026/06/07 15:57:07.420547 [INFO] Running command: systemctl is-active cfn-hup.service
2026/06/07 15:57:07.429146 [INFO] cfn-hup process is not running, starting it now
2026/06/07 15:57:07.429172 [INFO] Running command: systemctl show -p PartOf cfn-hup.service
2026/06/07 15:57:07.439577 [INFO] Running command: systemctl is-active cfn-hup.service
2026/06/07 15:57:07.447775 [INFO] Running command: systemctl start cfn-hup.service
2026/06/07 15:57:07.500148 [INFO] Instance has NOT been bootstrapped
2026/06/07 15:57:07.500165 [INFO] Executing instruction: SetupPublishLogCronjob
2026/06/07 15:57:07.500169 [INFO] Setup publish logs cron job...
2026/06/07 15:57:07.500173 [INFO] Copying file /opt/elasticbeanstalk/config/private/logtasks/cron/publishlogs to /etc/cron.d/publishlogs
2026/06/07 15:57:07.503391 [INFO] Instance has NOT been bootstrapped
2026/06/07 15:57:07.503412 [INFO] Executing instruction: MarkBootstrapped
2026/06/07 15:57:07.503415 [INFO] Starting MarkBootstrapped
2026/06/07 15:57:07.503490 [INFO] Started SelfStartup S3 deployment log upload to s3://elasticbeanstalk-ap-south-1-821279529027/resources/environments/logs/deployments/e-2ta8uv25be/selfstartup/eb-deployment-20260607T155706Z-i-09769252ad78ece22.log
2026/06/07 15:57:07.503505 [INFO] Instance has NOT been bootstrapped
2026/06/07 15:57:07.503602 [INFO] Marked instance as Bootstrapped
2026/06/07 15:57:07.503607 [INFO] Executing instruction: Save CFN Stack Info
2026/06/07 15:57:07.503662 [INFO] Saving CFN stack info
2026/06/07 15:57:07.503705 [INFO] Executing instruction: stopSqsd
2026/06/07 15:57:07.503710 [INFO] This is a web server environment instance, skip stop sqsd daemon ...
2026/06/07 15:57:07.503713 [INFO] Executing instruction: PreBuildEbExtension
2026/06/07 15:57:07.503858 [INFO] Starting executing the config set Infra-EmbeddedPreBuild.
2026/06/07 15:57:07.503873 [INFO] Running command: /opt/aws/bin/cfn-init -s arn:aws:cloudformation:ap-south-1:821279529027:stack/awseb-e-2ta8uv25be-immutable-stack/6d010120-6289-11f1-93e2-06430c6703bd -r AWSEBAutoScalingGroup --region ap-south-1 --configsets Infra-EmbeddedPreBuild
2026/06/07 15:57:07.855680 [INFO] Finished executing the config set Infra-EmbeddedPreBuild.

2026/06/07 15:57:07.855753 [INFO] Executing instruction: StageApplication
2026/06/07 15:57:07.855756 [INFO] Recreating /var/app/staging/
2026/06/07 15:57:07.855897 [INFO] extracting /opt/elasticbeanstalk/deployment/app_source_bundle to /var/app/staging/
2026/06/07 15:57:07.855907 [INFO] Running command: /usr/bin/unzip -q -o /opt/elasticbeanstalk/deployment/app_source_bundle -d /var/app/staging/
2026/06/07 15:57:07.871247 [INFO] finished extracting /opt/elasticbeanstalk/deployment/app_source_bundle to /var/app/staging/ successfully
2026/06/07 15:57:07.872081 [INFO] Executing instruction: RunAppDeployPreBuildHooks
2026/06/07 15:57:07.872100 [INFO] No hooks found in .platform/hooks/prebuild/, skipping
2026/06/07 15:57:07.872102 [INFO] Executing instruction: Golang Specific Build Application
2026/06/07 15:57:07.872105 [INFO] checking Buildfile...
2026/06/07 15:57:07.872110 [INFO] Fetching environment variables...
2026/06/07 15:57:07.872123 [INFO] found go.mod file
2026/06/07 15:57:07.872125 [INFO] building Golang application with Buildfile
2026/06/07 15:57:07.872252 [INFO] successfully generated env file for build tasks
2026/06/07 15:57:07.872270 [INFO] Running command: systemctl show -p PartOf make.service
2026/06/07 15:57:07.884586 [INFO] Running command: systemctl daemon-reload
2026/06/07 15:57:08.189980 [INFO] Running command: systemctl reset-failed
2026/06/07 15:57:08.198965 [INFO] Running command: systemctl is-enabled eb-app.target
2026/06/07 15:57:08.206753 [INFO] Copying file /opt/elasticbeanstalk/config/private/aws-eb.target to /etc/systemd/system/eb-app.target
2026/06/07 15:57:08.208487 [INFO] Running command: systemctl enable eb-app.target
2026/06/07 15:57:09.544844 [INFO] Created symlink /etc/systemd/system/multi-user.target.wants/eb-app.target → /etc/systemd/system/eb-app.target.

2026/06/07 15:57:09.544883 [INFO] Running command: systemctl start eb-app.target
2026/06/07 15:57:09.555307 [INFO] Running command: systemctl enable make.service
2026/06/07 15:57:09.794100 [INFO] The unit files have no installation config (WantedBy=, RequiredBy=, Also=,
Alias= settings in the [Install] section, and DefaultInstance= for template
units). This means they are not meant to be enabled using systemctl.
 
Possible reasons for having this kind of units are:
• A unit may be statically enabled by being symlinked from another unit's
  .wants/ or .requires/ directory.
• A unit's purpose may be to act as a helper for some other unit which has
  a requirement dependency on it.
• A unit may be started when needed via activation (socket, path, timer,
  D-Bus, udev, scripted systemctl call, ...).
• In case of template units, the unit is meant to be enabled with some
  instance name specified.

2026/06/07 15:57:09.794153 [INFO] Running command: systemctl show -p PartOf make.service
2026/06/07 15:57:09.807572 [INFO] Running command: systemctl is-active make.service
2026/06/07 15:57:09.816209 [INFO] Running command: systemctl start make.service
2026/06/07 15:58:42.815419 [INFO] Executing instruction: Check Procfile For Golang Application
2026/06/07 15:58:42.817293 [INFO] detected Procfile in application source bundle ...
2026/06/07 15:58:42.817305 [INFO] Executing instruction: configure X-Ray
2026/06/07 15:58:42.817309 [INFO] X-Ray is not enabled.
2026/06/07 15:58:42.822172 [INFO] Executing instruction: configure proxy server
2026/06/07 15:58:42.824041 [INFO] Recreating /var/proxy/staging/nginx
2026/06/07 15:58:42.853573 [INFO] Executing instruction: configure healthd specific proxy conf
2026/06/07 15:58:42.857976 [INFO] Running command: systemctl show -p PartOf healthd.service
2026/06/07 15:58:42.875456 [INFO] Running command: systemctl daemon-reload
2026/06/07 15:58:43.309691 [INFO] Running command: systemctl reset-failed
2026/06/07 15:58:43.318421 [INFO] Running command: systemctl is-enabled aws-eb.target
2026/06/07 15:58:43.326273 [INFO] Running command: systemctl enable aws-eb.target
2026/06/07 15:58:43.556132 [INFO] Running command: systemctl start aws-eb.target
2026/06/07 15:58:43.565197 [INFO] Running command: systemctl enable healthd.service
2026/06/07 15:58:43.842610 [INFO] Created symlink /etc/systemd/system/multi-user.target.wants/healthd.service → /etc/systemd/system/healthd.service.

2026/06/07 15:58:43.842642 [INFO] Running command: systemctl show -p PartOf healthd.service
2026/06/07 15:58:43.853742 [INFO] Running command: systemctl is-active healthd.service
2026/06/07 15:58:43.861944 [INFO] Running command: systemctl start healthd.service
2026/06/07 15:58:43.935375 [INFO] Copying file /opt/elasticbeanstalk/config/private/healthd/healthd_logformat.conf to /var/proxy/staging/nginx/conf.d/healthd_logformat.conf
2026/06/07 15:58:43.937872 [INFO] Copying file /opt/elasticbeanstalk/config/private/healthd/healthd_nginx.conf to /var/proxy/staging/nginx/conf.d/elasticbeanstalk/healthd.conf
2026/06/07 15:58:43.938992 [INFO] Executing instruction: configure log streaming
2026/06/07 15:58:43.939010 [INFO] log streaming is not enabled
2026/06/07 15:58:43.939014 [INFO] disable log stream
2026/06/07 15:58:43.939025 [INFO] Running command: systemctl show -p PartOf amazon-cloudwatch-agent.service
2026/06/07 15:58:43.954636 [INFO] Running command: systemctl stop amazon-cloudwatch-agent.service
2026/06/07 15:58:43.971712 [INFO] Executing instruction: GetToggleForceRotate
2026/06/07 15:58:43.971726 [INFO] Checking if logs need forced rotation
2026/06/07 15:58:43.971737 [INFO] Running command: /opt/aws/bin/cfn-get-metadata -s arn:aws:cloudformation:ap-south-1:821279529027:stack/awseb-e-2ta8uv25be-immutable-stack/6d010120-6289-11f1-93e2-06430c6703bd -r AWSEBAutoScalingGroup --region ap-south-1
2026/06/07 15:58:44.635507 [INFO] Running command: /opt/aws/bin/cfn-get-metadata -s arn:aws:cloudformation:ap-south-1:821279529027:stack/awseb-e-2ta8uv25be-immutable-stack/6d010120-6289-11f1-93e2-06430c6703bd -r AWSEBBeanstalkMetadata --region ap-south-1
2026/06/07 15:58:44.923279 [INFO] Generating rsyslog config from Procfile
2026/06/07 15:58:44.928758 [INFO] Running command: systemctl restart rsyslog.service
2026/06/07 15:58:45.301804 [INFO] Executing instruction: PostBuildEbExtension
2026/06/07 15:58:45.301868 [INFO] Starting executing the config set Infra-EmbeddedPostBuild.
2026/06/07 15:58:45.301882 [INFO] Running command: /opt/aws/bin/cfn-init -s arn:aws:cloudformation:ap-south-1:821279529027:stack/awseb-e-2ta8uv25be-immutable-stack/6d010120-6289-11f1-93e2-06430c6703bd -r AWSEBAutoScalingGroup --region ap-south-1 --configsets Infra-EmbeddedPostBuild
2026/06/07 15:58:45.569171 [INFO] Finished executing the config set Infra-EmbeddedPostBuild.

2026/06/07 15:58:45.569243 [INFO] Executing instruction: CleanEbExtensions
2026/06/07 15:58:45.569259 [INFO] Cleaned ebextensions subdirectories from app staging directory.
2026/06/07 15:58:45.569262 [INFO] Executing instruction: RunAppDeployPreDeployHooks
2026/06/07 15:58:45.569269 [INFO] No hooks found in .platform/hooks/predeploy/, skipping
2026/06/07 15:58:45.569272 [INFO] Executing instruction: stop X-Ray
2026/06/07 15:58:45.569275 [INFO] stop X-Ray ...
2026/06/07 15:58:45.569288 [INFO] Running command: systemctl show -p PartOf xray.service
2026/06/07 15:58:45.583365 [WARN] stopProcess Warning: process xray is not registered 
2026/06/07 15:58:45.583396 [INFO] Running command: systemctl stop xray.service
2026/06/07 15:58:45.597697 [INFO] Executing instruction: stop proxy
2026/06/07 15:58:45.597730 [INFO] Running command: systemctl show -p PartOf httpd.service
2026/06/07 15:58:45.607336 [WARN] deregisterProcess Warning: process httpd is not registered, skipping...

2026/06/07 15:58:45.607367 [INFO] Running command: systemctl show -p PartOf nginx.service
2026/06/07 15:58:45.621327 [WARN] deregisterProcess Warning: process nginx is not registered, skipping...

2026/06/07 15:58:45.621351 [INFO] Executing instruction: FlipApplication
2026/06/07 15:58:45.621355 [INFO] fetching environment variables...
2026/06/07 15:58:45.621400 [INFO] found go.mod file
2026/06/07 15:58:45.621568 [INFO] Purge old process...
2026/06/07 15:58:45.621582 [INFO] Running command: systemctl stop eb-app.target
2026/06/07 15:58:45.630704 [INFO] Running command: systemctl show -p ConsistsOf eb-app.target | cut -d= -f2
2026/06/07 15:58:45.641059 [INFO] 

2026/06/07 15:58:45.641083 [INFO] All processes have been fully terminated
2026/06/07 15:58:45.641087 [INFO] Removing /var/app/current/ if it exists
2026/06/07 15:58:45.641100 [INFO] Renaming /var/app/staging/ to /var/app/current/
2026/06/07 15:58:45.641135 [INFO] Register application processes...
2026/06/07 15:58:45.641141 [INFO] Registering the proc: web

2026/06/07 15:58:45.641149 [INFO] Running command: systemctl show -p PartOf web.service
2026/06/07 15:58:45.652738 [INFO] Running command: systemctl daemon-reload
2026/06/07 15:58:45.884599 [INFO] Running command: systemctl reset-failed
2026/06/07 15:58:45.917421 [INFO] Running command: systemctl is-enabled eb-app.target
2026/06/07 15:58:45.930650 [INFO] Running command: systemctl enable eb-app.target
2026/06/07 15:58:46.205142 [INFO] Running command: systemctl start eb-app.target
2026/06/07 15:58:46.254215 [INFO] Running command: systemctl enable web.service
2026/06/07 15:58:46.555195 [INFO] Created symlink /etc/systemd/system/multi-user.target.wants/web.service → /etc/systemd/system/web.service.

2026/06/07 15:58:46.555227 [INFO] Running command: systemctl show -p PartOf web.service
2026/06/07 15:58:46.606975 [INFO] Running command: systemctl is-active web.service
2026/06/07 15:58:46.615065 [INFO] Running command: systemctl start web.service
2026/06/07 15:58:48.682251 [INFO] Executing instruction: start X-Ray
2026/06/07 15:58:48.682259 [INFO] X-Ray is not enabled.
2026/06/07 15:58:48.682261 [INFO] Executing instruction: start proxy with new configuration
2026/06/07 15:58:48.682282 [INFO] Running command: /usr/sbin/nginx -t -c /var/proxy/staging/nginx/nginx.conf
2026/06/07 15:58:48.747523 [INFO] nginx: [warn] could not build optimal types_hash, you should increase either types_hash_max_size: 1024 or types_hash_bucket_size: 64; ignoring types_hash_bucket_size
nginx: the configuration file /var/proxy/staging/nginx/nginx.conf syntax is ok
nginx: configuration file /var/proxy/staging/nginx/nginx.conf test is successful

2026/06/07 15:58:48.747609 [INFO] Running command: cp -rp /var/proxy/staging/nginx/* /etc/nginx
2026/06/07 15:58:48.754195 [INFO] Running command: systemctl show -p PartOf nginx.service
2026/06/07 15:58:48.778602 [INFO] Running command: systemctl daemon-reload
2026/06/07 15:58:49.031533 [INFO] Running command: systemctl reset-failed
2026/06/07 15:58:49.040336 [INFO] Running command: systemctl show -p PartOf nginx.service
2026/06/07 15:58:49.053781 [INFO] Running command: systemctl is-active nginx.service
2026/06/07 15:58:49.062476 [INFO] Running command: systemctl start nginx.service
2026/06/07 15:58:49.182361 [INFO] Executing instruction: configureSqsd
2026/06/07 15:58:49.182377 [INFO] This is a web server environment instance, skip configure sqsd daemon ...
2026/06/07 15:58:49.182381 [INFO] Executing instruction: startSqsd
2026/06/07 15:58:49.182385 [INFO] This is a web server environment instance, skip start sqsd daemon ...
2026/06/07 15:58:49.182396 [INFO] Executing instruction: Track pids in healthd
2026/06/07 15:58:49.182400 [INFO] This is an enhanced health env...
2026/06/07 15:58:49.182413 [INFO] Running command: systemctl show -p ConsistsOf aws-eb.target | cut -d= -f2
2026/06/07 15:58:49.193819 [INFO] healthd.service cfn-hup.service nginx.service

2026/06/07 15:58:49.193851 [INFO] Running command: systemctl show -p ConsistsOf eb-app.target | cut -d= -f2
2026/06/07 15:58:49.204335 [INFO] web.service

2026/06/07 15:58:49.204747 [INFO] Executing instruction: RunAppDeployPostDeployHooks
2026/06/07 15:58:49.204759 [INFO] No hooks found in .platform/hooks/postdeploy/, skipping
2026/06/07 15:58:49.204762 [INFO] Executing cleanup logic
2026/06/07 15:58:49.299141 [INFO] Platform Engine finished execution on command: self-startup

2026/06/07 16:02:50.213154 [INFO] Starting...
2026/06/07 16:02:50.213211 [INFO] Starting EBPlatform-PlatformEngine
2026/06/07 16:02:50.213260 [INFO] reading event message file
2026/06/07 16:02:50.217844 [INFO] Engine received EB command cfn-hup-exec

2026/06/07 16:02:50.392208 [INFO] Skipping populate manifest for light execution
2026/06/07 16:02:50.392242 [INFO] Engine command: (switch-cfn-stack)

2026/06/07 16:02:50.393542 [INFO] Executing instruction: Switch CFN Stack
2026/06/07 16:02:50.393552 [INFO] Starting SwitchCFNStack
2026/06/07 16:03:00.411686 [INFO] Executing cleanup logic
2026/06/07 16:03:00.411841 [INFO] CommandService Response: {"status":"SUCCESS","api_version":"1.0","results":[{"status":"SUCCESS","msg":"Engine execution has succeeded.","returncode":0,"events":[{"msg":"Instance deployment completed successfully.","timestamp":1780848180411,"severity":"INFO"}]}]}

2026/06/07 16:03:00.411860 [INFO] Platform Engine finished execution on command: switch-cfn-stack

2026/06/09 07:48:44.607675 [INFO] Starting...
2026/06/09 07:48:44.607730 [INFO] Starting EBPlatform-PlatformEngine
2026/06/09 07:48:44.607755 [INFO] reading event message file
2026/06/09 07:48:44.608124 [INFO] Engine received EB command cfn-hup-exec

2026/06/09 07:48:44.679561 [INFO] Running command: /opt/aws/bin/cfn-get-metadata -s arn:aws:cloudformation:ap-south-1:821279529027:stack/awseb-e-2ta8uv25be-stack/dff6c660-5b27-11f1-a391-0a7fe37dc01b -r AWSEBAutoScalingGroup --region ap-south-1
2026/06/09 07:48:44.917064 [INFO] Running command: /opt/aws/bin/cfn-get-metadata -s arn:aws:cloudformation:ap-south-1:821279529027:stack/awseb-e-2ta8uv25be-stack/dff6c660-5b27-11f1-a391-0a7fe37dc01b -r AWSEBBeanstalkMetadata --region ap-south-1
2026/06/09 07:48:45.194316 [INFO] checking whether command tail-log is applicable to this instance...
2026/06/09 07:48:45.194339 [INFO] this command is applicable to the instance, thus instance should execute command
2026/06/09 07:48:45.194344 [INFO] Engine command: (tail-log)

2026/06/09 07:48:45.194408 [INFO] Executing instruction: GetTailLogs
2026/06/09 07:48:45.194411 [INFO] Tail Logs...
2026/06/09 07:48:45.196631 [INFO] Running command: tail -n 100 /var/log/web.stdout.log
2026/06/09 07:48:45.198834 [INFO] Running command: tail -n 100 /var/log/eb-engine.log
2026/06/09 07:48:45.200846 [INFO] Running command: tail -n 100 /var/log/nginx/access.log
2026/06/09 07:48:45.202664 [INFO] Running command: tail -n 100 /var/log/nginx/error.log
2026/06/09 07:48:45.254863 [INFO] Executing cleanup logic
2026/06/09 07:48:45.254953 [INFO] CommandService Response: {"status":"SUCCESS","api_version":"1.0","results":[{"status":"SUCCESS","msg":"Engine execution has succeeded.","returncode":0,"events":[{"msg":"Instance deployment completed successfully.","timestamp":1780991325254,"severity":"INFO"}]}]}

2026/06/09 07:48:45.254976 [INFO] Platform Engine finished execution on command: tail-log

2026/06/09 08:54:45.532353 [INFO] Starting...
2026/06/09 08:54:45.532408 [INFO] Starting EBPlatform-PlatformEngine
2026/06/09 08:54:45.532557 [INFO] reading event message file
2026/06/09 08:54:45.532939 [INFO] Engine received EB command cfn-hup-exec

2026/06/09 08:54:45.602728 [INFO] Running command: /opt/aws/bin/cfn-get-metadata -s arn:aws:cloudformation:ap-south-1:821279529027:stack/awseb-e-2ta8uv25be-stack/dff6c660-5b27-11f1-a391-0a7fe37dc01b -r AWSEBAutoScalingGroup --region ap-south-1
2026/06/09 08:54:45.831749 [INFO] Running command: /opt/aws/bin/cfn-get-metadata -s arn:aws:cloudformation:ap-south-1:821279529027:stack/awseb-e-2ta8uv25be-stack/dff6c660-5b27-11f1-a391-0a7fe37dc01b -r AWSEBBeanstalkMetadata --region ap-south-1
2026/06/09 08:54:46.052411 [INFO] checking whether command app-deploy is applicable to this instance...
2026/06/09 08:54:46.052490 [INFO] this command is applicable to the instance, thus instance should execute command
2026/06/09 08:54:46.052496 [INFO] Setting up deployment log with request ID: 99522628-a89b-4376-8492-3bdfe9c919c2
2026/06/09 08:54:46.089580 [INFO] Started S3 deployment log upload to s3://elasticbeanstalk-ap-south-1-821279529027/resources/environments/logs/deployments/e-2ta8uv25be/eb-deployment-99522628-a89b-4376-8492-3bdfe9c919c2.log
2026/06/09 08:54:46.089693 [INFO] Engine command: (app-deploy)

2026/06/09 08:54:46.089697 [INFO] Downloading EB Application...
2026/06/09 08:54:46.089700 [INFO] Region: ap-south-1
2026/06/09 08:54:46.089702 [INFO] envID: e-2ta8uv25be
2026/06/09 08:54:46.089706 [INFO] envBucket: elasticbeanstalk-ap-south-1-821279529027
2026/06/09 08:54:46.089708 [INFO] accountID: 821279529027
2026/06/09 08:54:46.089710 [INFO] Using manifest file name from command request
2026/06/09 08:54:46.089718 [INFO] Manifest name is : manifest_1780995264881
2026/06/09 08:54:46.089720 [INFO] Download app version manifest
2026/06/09 08:54:46.089927 [INFO] Downloading: bucket: elasticbeanstalk-ap-south-1-821279529027, object: resources/environments/e-2ta8uv25be/_runtime/versions/manifest_1780995264881, expected bucket owner: 821279529027
2026/06/09 08:54:46.128508 [INFO] Download successful158bytes downloaded
2026/06/09 08:54:46.128656 [INFO] Trying to read and parse version manifest...
2026/06/09 08:54:46.128744 [INFO] Downloading: bucket: elasticbeanstalk-ap-south-1-821279529027, object: resources/environments/e-2ta8uv25be/_runtime/_versions/onebharat-foreigntent/onebharat-foreigntent-10, expected bucket owner: 821279529027
2026/06/09 08:54:46.238273 [INFO] Download successful6547414bytes downloaded
2026/06/09 08:54:46.249280 [INFO] Executing instruction: ElectLeader
2026/06/09 08:54:46.249286 [INFO] Running leader election for instance i-09769252ad78ece22...
2026/06/09 08:54:46.249289 [INFO] Calling the cfn-elect-cmd-leader to elect the command leader.
2026/06/09 08:54:46.249299 [INFO] Running command: /opt/aws/bin/cfn-elect-cmd-leader --stack arn:aws:cloudformation:ap-south-1:821279529027:stack/awseb-e-2ta8uv25be-stack/dff6c660-5b27-11f1-a391-0a7fe37dc01b --command-name ElasticBeanstalkCommand-AWSEBAutoScalingGroup --invocation-id 6790ff2e-cb5b-4aab-8f5d-d8462804dc8d --listener-id i-09769252ad78ece22 --region ap-south-1
2026/06/09 08:54:46.488406 [INFO] Instance is Leader.
2026/06/09 08:54:46.488527 [INFO] Executing instruction: stopSqsd
2026/06/09 08:54:46.488534 [INFO] This is a web server environment instance, skip stop sqsd daemon ...
2026/06/09 08:54:46.488537 [INFO] Executing instruction: PreBuildEbExtension
2026/06/09 08:54:46.488589 [INFO] Starting executing the config set Infra-EmbeddedPreBuild.
2026/06/09 08:54:46.488602 [INFO] Running command: /opt/aws/bin/cfn-init -s arn:aws:cloudformation:ap-south-1:821279529027:stack/awseb-e-2ta8uv25be-stack/dff6c660-5b27-11f1-a391-0a7fe37dc01b -r AWSEBAutoScalingGroup --region ap-south-1 --configsets Infra-EmbeddedPreBuild
2026/06/09 08:54:46.730440 [INFO] Finished executing the config set Infra-EmbeddedPreBuild.

2026/06/09 08:54:46.730521 [INFO] Executing instruction: StageApplication
2026/06/09 08:54:46.730523 [INFO] Recreating /var/app/staging/
2026/06/09 08:54:46.730617 [INFO] extracting /opt/elasticbeanstalk/deployment/app_source_bundle to /var/app/staging/
2026/06/09 08:54:46.730627 [INFO] Running command: /usr/bin/unzip -q -o /opt/elasticbeanstalk/deployment/app_source_bundle -d /var/app/staging/
2026/06/09 08:54:46.921482 [INFO] finished extracting /opt/elasticbeanstalk/deployment/app_source_bundle to /var/app/staging/ successfully
2026/06/09 08:54:46.922296 [INFO] Executing instruction: RunAppDeployPreBuildHooks
2026/06/09 08:54:46.922317 [INFO] No hooks found in .platform/hooks/prebuild/, skipping
2026/06/09 08:54:46.922321 [INFO] Executing instruction: Golang Specific Build Application
2026/06/09 08:54:46.922325 [INFO] checking Buildfile...
2026/06/09 08:54:46.922335 [INFO] no Buildfile found, checking application.go file
2026/06/09 08:54:46.922341 [INFO] no application.go file
2026/06/09 08:54:46.922344 [INFO] Executing instruction: Check Procfile For Golang Application
2026/06/09 08:54:46.922366 [INFO] no Procfile found, checking binary application
2026/06/09 08:54:46.922372 [INFO] no application binary found in bin directory from source
2026/06/09 08:54:46.922401 [ERROR] An error occurred during execution of command [app-deploy] - [Check Procfile For Golang Application]. Stop running the command. Error: no application binary from source 

2026/06/09 08:54:46.922404 [INFO] Executing cleanup logic
2026/06/09 08:54:46.922483 [INFO] CommandService Response: {"status":"FAILURE","api_version":"1.0","results":[{"status":"FAILURE","msg":"Engine execution has encountered an error.","returncode":1,"events":[{"msg":"Instance deployment failed. For details, see 'eb-engine.log'.","timestamp":1780995286922,"severity":"ERROR"}]}]}

2026/06/09 08:54:46.948360 [INFO] Platform Engine finished execution on command: app-deploy

2026/06/09 08:59:03.993214 [INFO] Starting...
2026/06/09 08:59:03.993276 [INFO] Starting EBPlatform-PlatformEngine
2026/06/09 08:59:03.993301 [INFO] reading event message file
2026/06/09 08:59:03.993690 [INFO] Engine received EB command cfn-hup-exec

2026/06/09 08:59:04.099348 [INFO] Running command: /opt/aws/bin/cfn-get-metadata -s arn:aws:cloudformation:ap-south-1:821279529027:stack/awseb-e-2ta8uv25be-stack/dff6c660-5b27-11f1-a391-0a7fe37dc01b -r AWSEBAutoScalingGroup --region ap-south-1
2026/06/09 08:59:04.329281 [INFO] Running command: /opt/aws/bin/cfn-get-metadata -s arn:aws:cloudformation:ap-south-1:821279529027:stack/awseb-e-2ta8uv25be-stack/dff6c660-5b27-11f1-a391-0a7fe37dc01b -r AWSEBBeanstalkMetadata --region ap-south-1
2026/06/09 08:59:04.562910 [INFO] checking whether command tail-log is applicable to this instance...
2026/06/09 08:59:04.562924 [INFO] this command is applicable to the instance, thus instance should execute command
2026/06/09 08:59:04.562928 [INFO] Engine command: (tail-log)

2026/06/09 08:59:04.562987 [INFO] Executing instruction: GetTailLogs
2026/06/09 08:59:04.562990 [INFO] Tail Logs...
2026/06/09 08:59:04.563393 [INFO] Running command: tail -n 100 /var/log/web.stdout.log
2026/06/09 08:59:04.565782 [INFO] Running command: tail -n 100 /var/log/eb-engine.log
2026/06/09 08:59:04.567723 [INFO] Running command: tail -n 100 /var/log/nginx/access.log
2026/06/09 08:59:04.569998 [INFO] Running command: tail -n 100 /var/log/nginx/error.log
2026/06/09 08:59:04.616982 [INFO] Executing cleanup logic
2026/06/09 08:59:04.617071 [INFO] CommandService Response: {"status":"SUCCESS","api_version":"1.0","results":[{"status":"SUCCESS","msg":"Engine execution has succeeded.","returncode":0,"events":[{"msg":"Instance deployment completed successfully.","timestamp":1780995544616,"severity":"INFO"}]}]}

2026/06/09 08:59:04.617088 [INFO] Platform Engine finished execution on command: tail-log

2026/06/09 09:22:34.599381 [INFO] Starting...
2026/06/09 09:22:34.599435 [INFO] Starting EBPlatform-PlatformEngine
2026/06/09 09:22:34.599457 [INFO] reading event message file
2026/06/09 09:22:34.599832 [INFO] Engine received EB command cfn-hup-exec

2026/06/09 09:22:34.663316 [INFO] Running command: /opt/aws/bin/cfn-get-metadata -s arn:aws:cloudformation:ap-south-1:821279529027:stack/awseb-e-2ta8uv25be-stack/dff6c660-5b27-11f1-a391-0a7fe37dc01b -r AWSEBAutoScalingGroup --region ap-south-1
2026/06/09 09:22:34.887688 [INFO] Running command: /opt/aws/bin/cfn-get-metadata -s arn:aws:cloudformation:ap-south-1:821279529027:stack/awseb-e-2ta8uv25be-stack/dff6c660-5b27-11f1-a391-0a7fe37dc01b -r AWSEBBeanstalkMetadata --region ap-south-1
2026/06/09 09:22:35.108183 [INFO] checking whether command app-deploy is applicable to this instance...
2026/06/09 09:22:35.108196 [INFO] this command is applicable to the instance, thus instance should execute command
2026/06/09 09:22:35.108199 [INFO] Setting up deployment log with request ID: d8dd0bf8-a788-4328-a2a9-d3fc3e528222
2026/06/09 09:22:35.150064 [INFO] Started S3 deployment log upload to s3://elasticbeanstalk-ap-south-1-821279529027/resources/environments/logs/deployments/e-2ta8uv25be/eb-deployment-d8dd0bf8-a788-4328-a2a9-d3fc3e528222.log
2026/06/09 09:22:35.150178 [INFO] Engine command: (app-deploy)

2026/06/09 09:22:35.150182 [INFO] Downloading EB Application...
2026/06/09 09:22:35.150184 [INFO] Region: ap-south-1
2026/06/09 09:22:35.150187 [INFO] envID: e-2ta8uv25be
2026/06/09 09:22:35.150190 [INFO] envBucket: elasticbeanstalk-ap-south-1-821279529027
2026/06/09 09:22:35.150192 [INFO] accountID: 821279529027
2026/06/09 09:22:35.150196 [INFO] Using manifest file name from command request
2026/06/09 09:22:35.150207 [INFO] Manifest name is : manifest_1780996932690
2026/06/09 09:22:35.150210 [INFO] Download app version manifest
2026/06/09 09:22:35.150414 [INFO] Downloading: bucket: elasticbeanstalk-ap-south-1-821279529027, object: resources/environments/e-2ta8uv25be/_runtime/versions/manifest_1780996932690, expected bucket owner: 821279529027
2026/06/09 09:22:35.187401 [INFO] Download successful158bytes downloaded
2026/06/09 09:22:35.187541 [INFO] Trying to read and parse version manifest...
2026/06/09 09:22:35.188082 [INFO] Downloading: bucket: elasticbeanstalk-ap-south-1-821279529027, object: resources/environments/e-2ta8uv25be/_runtime/_versions/onebharat-foreigntent/onebharat-foreigntent-11, expected bucket owner: 821279529027
2026/06/09 09:22:35.378483 [INFO] Download successful18789031bytes downloaded
2026/06/09 09:22:35.399952 [INFO] Executing instruction: ElectLeader
2026/06/09 09:22:35.399960 [INFO] Running leader election for instance i-09769252ad78ece22...
2026/06/09 09:22:35.399963 [INFO] Calling the cfn-elect-cmd-leader to elect the command leader.
2026/06/09 09:22:35.399973 [INFO] Running command: /opt/aws/bin/cfn-elect-cmd-leader --stack arn:aws:cloudformation:ap-south-1:821279529027:stack/awseb-e-2ta8uv25be-stack/dff6c660-5b27-11f1-a391-0a7fe37dc01b --command-name ElasticBeanstalkCommand-AWSEBAutoScalingGroup --invocation-id 13e41cd1-fe51-415f-b22a-2bac053729d3 --listener-id i-09769252ad78ece22 --region ap-south-1
2026/06/09 09:22:35.637953 [INFO] Instance is Leader.
2026/06/09 09:22:35.637995 [INFO] Executing instruction: stopSqsd
2026/06/09 09:22:35.637999 [INFO] This is a web server environment instance, skip stop sqsd daemon ...
2026/06/09 09:22:35.638003 [INFO] Executing instruction: PreBuildEbExtension
2026/06/09 09:22:35.638050 [INFO] Starting executing the config set Infra-EmbeddedPreBuild.
2026/06/09 09:22:35.638063 [INFO] Running command: /opt/aws/bin/cfn-init -s arn:aws:cloudformation:ap-south-1:821279529027:stack/awseb-e-2ta8uv25be-stack/dff6c660-5b27-11f1-a391-0a7fe37dc01b -r AWSEBAutoScalingGroup --region ap-south-1 --configsets Infra-EmbeddedPreBuild
2026/06/09 09:22:35.897538 [INFO] Finished executing the config set Infra-EmbeddedPreBuild.

2026/06/09 09:22:35.897634 [INFO] Executing instruction: StageApplication
2026/06/09 09:22:35.897637 [INFO] Recreating /var/app/staging/
2026/06/09 09:22:35.899919 [INFO] extracting /opt/elasticbeanstalk/deployment/app_source_bundle to /var/app/staging/
2026/06/09 09:22:35.899937 [INFO] Running command: /usr/bin/unzip -q -o /opt/elasticbeanstalk/deployment/app_source_bundle -d /var/app/staging/
2026/06/09 09:22:36.204866 [INFO] finished extracting /opt/elasticbeanstalk/deployment/app_source_bundle to /var/app/staging/ successfully
2026/06/09 09:22:36.205683 [INFO] Executing instruction: RunAppDeployPreBuildHooks
2026/06/09 09:22:36.205701 [INFO] No hooks found in .platform/hooks/prebuild/, skipping
2026/06/09 09:22:36.205704 [INFO] Executing instruction: Golang Specific Build Application
2026/06/09 09:22:36.205713 [INFO] checking Buildfile...
2026/06/09 09:22:36.205718 [INFO] no Buildfile found, checking application.go file
2026/06/09 09:22:36.205724 [INFO] no application.go file
2026/06/09 09:22:36.205726 [INFO] Executing instruction: Check Procfile For Golang Application
2026/06/09 09:22:36.205749 [INFO] detected Procfile in application source bundle ...
2026/06/09 09:22:36.205769 [INFO] Executing instruction: configure X-Ray
2026/06/09 09:22:36.205774 [INFO] X-Ray is not enabled.
2026/06/09 09:22:36.205776 [INFO] Executing instruction: configure proxy server
2026/06/09 09:22:36.205786 [INFO] Recreating /var/proxy/staging/nginx
2026/06/09 09:22:36.209862 [INFO] Executing instruction: configure healthd specific proxy conf
2026/06/09 09:22:36.210914 [INFO] Running command: systemctl show -p PartOf healthd.service
2026/06/09 09:22:36.222608 [WARN] Warning: process healthd is already registered...
Deregistering the process ...
2026/06/09 09:22:36.222641 [INFO] Running command: systemctl show -p PartOf healthd.service
2026/06/09 09:22:36.231656 [INFO] Running command: systemctl is-active healthd.service
2026/06/09 09:22:36.239544 [INFO] Running command: systemctl show -p PartOf healthd.service
2026/06/09 09:22:36.248250 [INFO] Running command: systemctl stop healthd.service
2026/06/09 09:22:36.381215 [INFO] Running command: systemctl disable healthd.service
2026/06/09 09:22:36.649186 [INFO] Removed "/etc/systemd/system/multi-user.target.wants/healthd.service".

2026/06/09 09:22:36.649446 [INFO] Running command: systemctl daemon-reload
2026/06/09 09:22:36.891152 [INFO] Running command: systemctl reset-failed
2026/06/09 09:22:36.901252 [INFO] Running command: systemctl daemon-reload
2026/06/09 09:22:37.140683 [INFO] Running command: systemctl reset-failed
2026/06/09 09:22:37.149029 [INFO] Running command: systemctl is-enabled aws-eb.target
2026/06/09 09:22:37.156751 [INFO] Running command: systemctl enable aws-eb.target
2026/06/09 09:22:37.429227 [INFO] Running command: systemctl start aws-eb.target
2026/06/09 09:22:37.438117 [INFO] Running command: systemctl enable healthd.service
2026/06/09 09:22:37.687083 [INFO] Created symlink /etc/systemd/system/multi-user.target.wants/healthd.service → /etc/systemd/system/healthd.service.

2026/06/09 09:22:37.687117 [INFO] Running command: systemctl show -p PartOf healthd.service
2026/06/09 09:22:37.698014 [INFO] Running command: systemctl is-active healthd.service
2026/06/09 09:22:37.705588 [INFO] Running command: systemctl start healthd.service
2026/06/09 09:22:37.766498 [INFO] Copying file /opt/elasticbeanstalk/config/private/healthd/healthd_logformat.conf to /var/proxy/staging/nginx/conf.d/healthd_logformat.conf
2026/06/09 09:22:37.767465 [INFO] Copying file /opt/elasticbeanstalk/config/private/healthd/healthd_nginx.conf to /var/proxy/staging/nginx/conf.d/elasticbeanstalk/healthd.conf
2026/06/09 09:22:37.768323 [INFO] Executing instruction: configure log streaming
2026/06/09 09:22:37.768333 [INFO] log streaming is not enabled
2026/06/09 09:22:37.768337 [INFO] disable log stream
2026/06/09 09:22:37.768348 [INFO] Running command: systemctl show -p PartOf amazon-cloudwatch-agent.service
2026/06/09 09:22:37.787621 [INFO] Running command: systemctl stop amazon-cloudwatch-agent.service
2026/06/09 09:22:37.804625 [INFO] Executing instruction: GetToggleForceRotate
2026/06/09 09:22:37.804650 [INFO] Checking if logs need forced rotation
2026/06/09 09:22:37.804665 [INFO] Running command: /opt/aws/bin/cfn-get-metadata -s arn:aws:cloudformation:ap-south-1:821279529027:stack/awseb-e-2ta8uv25be-stack/dff6c660-5b27-11f1-a391-0a7fe37dc01b -r AWSEBAutoScalingGroup --region ap-south-1
2026/06/09 09:22:38.138770 [INFO] Running command: /opt/aws/bin/cfn-get-metadata -s arn:aws:cloudformation:ap-south-1:821279529027:stack/awseb-e-2ta8uv25be-stack/dff6c660-5b27-11f1-a391-0a7fe37dc01b -r AWSEBBeanstalkMetadata --region ap-south-1
2026/06/09 09:22:38.464623 [INFO] Generating rsyslog config from Procfile
2026/06/09 09:22:38.466621 [INFO] Running command: systemctl restart rsyslog.service
2026/06/09 09:22:39.047514 [INFO] Executing instruction: PostBuildEbExtension
2026/06/09 09:22:39.047620 [INFO] Starting executing the config set Infra-EmbeddedPostBuild.
2026/06/09 09:22:39.047635 [INFO] Running command: /opt/aws/bin/cfn-init -s arn:aws:cloudformation:ap-south-1:821279529027:stack/awseb-e-2ta8uv25be-stack/dff6c660-5b27-11f1-a391-0a7fe37dc01b -r AWSEBAutoScalingGroup --region ap-south-1 --configsets Infra-EmbeddedPostBuild
2026/06/09 09:22:39.303985 [INFO] Finished executing the config set Infra-EmbeddedPostBuild.

2026/06/09 09:22:39.304076 [INFO] Executing instruction: CleanEbExtensions
2026/06/09 09:22:39.304098 [INFO] Cleaned ebextensions subdirectories from app staging directory.
2026/06/09 09:22:39.304102 [INFO] Executing instruction: RunAppDeployPreDeployHooks
2026/06/09 09:22:39.304109 [INFO] No hooks found in .platform/hooks/predeploy/, skipping
2026/06/09 09:22:39.304111 [INFO] Executing instruction: stop X-Ray
2026/06/09 09:22:39.304114 [INFO] stop X-Ray ...
2026/06/09 09:22:39.304126 [INFO] Running command: systemctl show -p PartOf xray.service
2026/06/09 09:22:39.318036 [WARN] stopProcess Warning: process xray is not registered 
2026/06/09 09:22:39.318067 [INFO] Running command: systemctl stop xray.service
2026/06/09 09:22:39.333682 [INFO] Executing instruction: stop proxy
2026/06/09 09:22:39.333708 [INFO] Running command: systemctl show -p PartOf httpd.service
2026/06/09 09:22:39.343940 [WARN] deregisterProcess Warning: process httpd is not registered, skipping...

2026/06/09 09:22:39.343971 [INFO] Running command: systemctl show -p PartOf nginx.service
2026/06/09 09:22:39.356241 [INFO] Running command: systemctl is-active nginx.service
2026/06/09 09:22:39.364957 [INFO] Running command: systemctl show -p PartOf nginx.service
2026/06/09 09:22:39.374479 [INFO] Running command: systemctl stop nginx.service
2026/06/09 09:22:39.575042 [INFO] Running command: systemctl disable nginx.service
2026/06/09 09:22:39.816060 [INFO] Running command: systemctl daemon-reload
2026/06/09 09:22:40.085524 [INFO] Running command: systemctl reset-failed
2026/06/09 09:22:40.093950 [INFO] Executing instruction: FlipApplication
2026/06/09 09:22:40.093974 [INFO] fetching environment variables...
2026/06/09 09:22:40.094012 [INFO] found go.mod file
2026/06/09 09:22:40.094211 [INFO] Purge old process...
2026/06/09 09:22:40.094231 [INFO] Running command: systemctl stop eb-app.target
2026/06/09 09:22:40.105676 [INFO] Running command: systemctl show -p ConsistsOf eb-app.target | cut -d= -f2
2026/06/09 09:22:40.173015 [INFO] web.service

2026/06/09 09:22:40.173041 [INFO] deregistering process: web
2026/06/09 09:22:40.173051 [INFO] Running command: systemctl show -p PartOf web.service
2026/06/09 09:22:40.183972 [INFO] Running command: systemctl is-active web.service
2026/06/09 09:22:40.192116 [INFO] Running command: systemctl disable web.service
2026/06/09 09:22:40.477369 [INFO] Removed "/etc/systemd/system/multi-user.target.wants/web.service".

2026/06/09 09:22:40.477448 [INFO] Running command: systemctl daemon-reload
2026/06/09 09:22:40.732487 [INFO] Running command: systemctl reset-failed
2026/06/09 09:22:40.741418 [INFO] Running command: systemctl is-active web.service
2026/06/09 09:22:40.749418 [INFO] Process web has been fully terminated
2026/06/09 09:22:40.749440 [INFO] All processes have been fully terminated
2026/06/09 09:22:40.749443 [INFO] Removing /var/app/current/ if it exists
2026/06/09 09:22:40.752380 [INFO] Renaming /var/app/staging/ to /var/app/current/
2026/06/09 09:22:40.752428 [INFO] Register application processes...
2026/06/09 09:22:40.752443 [INFO] Registering the proc: web

2026/06/09 09:22:40.752453 [INFO] Running command: systemctl show -p PartOf web.service
2026/06/09 09:22:40.765257 [INFO] Running command: systemctl daemon-reload
2026/06/09 09:22:41.005801 [INFO] Running command: systemctl reset-failed
2026/06/09 09:22:41.014152 [INFO] Running command: systemctl is-enabled eb-app.target
2026/06/09 09:22:41.021800 [INFO] Running command: systemctl enable eb-app.target
2026/06/09 09:22:41.288280 [INFO] Running command: systemctl start eb-app.target
2026/06/09 09:22:41.297143 [INFO] Running command: systemctl enable web.service
2026/06/09 09:22:41.577970 [INFO] Created symlink /etc/systemd/system/multi-user.target.wants/web.service → /etc/systemd/system/web.service.

2026/06/09 09:22:41.578003 [INFO] Running command: systemctl show -p PartOf web.service
2026/06/09 09:22:41.589352 [INFO] Running command: systemctl is-active web.service
2026/06/09 09:22:41.596868 [INFO] Running command: systemctl start web.service
2026/06/09 09:22:41.681313 [INFO] Job for web.service failed because the control process exited with error code.
See "systemctl status web.service" and "journalctl -xeu web.service" for details.

2026/06/09 09:22:41.681359 [ERROR] An error occurred during execution of command [app-deploy] - [FlipApplication]. Stop running the command. Error: Register application failed because the registration of proc web failed: 
startProcess Failure: starting process "web" failed: Command systemctl start web.service failed with error exit status 1. Stderr:Job for web.service failed because the control process exited with error code.
See "systemctl status web.service" and "journalctl -xeu web.service" for details.
 
 

2026/06/09 09:22:41.681365 [INFO] Executing cleanup logic
2026/06/09 09:22:41.681466 [INFO] CommandService Response: {"status":"FAILURE","api_version":"1.0","results":[{"status":"FAILURE","msg":"Engine execution has encountered an error.","returncode":1,"events":[{"msg":"Instance deployment used the commands in your 'Procfile' to initiate startup of your application.","timestamp":1780996956205,"severity":"INFO"},{"msg":"Instance deployment found and used the 'go.mod' file in your source bundle.","timestamp":1780996960094,"severity":"INFO"},{"msg":"Instance deployment failed. For details, see 'eb-engine.log'.","timestamp":1780996961681,"severity":"ERROR"}]}]}

2026/06/09 09:22:41.705340 [INFO] Platform Engine finished execution on command: app-deploy

2026/06/09 09:27:05.078669 [INFO] Starting...
2026/06/09 09:27:05.078739 [INFO] Starting EBPlatform-PlatformEngine
2026/06/09 09:27:05.078791 [INFO] reading event message file
2026/06/09 09:27:05.079190 [INFO] Engine received EB command cfn-hup-exec

2026/06/09 09:27:05.150076 [INFO] Running command: /opt/aws/bin/cfn-get-metadata -s arn:aws:cloudformation:ap-south-1:821279529027:stack/awseb-e-2ta8uv25be-stack/dff6c660-5b27-11f1-a391-0a7fe37dc01b -r AWSEBAutoScalingGroup --region ap-south-1
2026/06/09 09:27:05.378645 [INFO] Running command: /opt/aws/bin/cfn-get-metadata -s arn:aws:cloudformation:ap-south-1:821279529027:stack/awseb-e-2ta8uv25be-stack/dff6c660-5b27-11f1-a391-0a7fe37dc01b -r AWSEBBeanstalkMetadata --region ap-south-1
2026/06/09 09:27:05.605316 [INFO] checking whether command app-deploy is applicable to this instance...
2026/06/09 09:27:05.605330 [INFO] this command is applicable to the instance, thus instance should execute command
2026/06/09 09:27:05.605334 [INFO] Setting up deployment log with request ID: ecd35ef1-0933-4408-9f89-ecc12d18329c
2026/06/09 09:27:05.646652 [INFO] Started S3 deployment log upload to s3://elasticbeanstalk-ap-south-1-821279529027/resources/environments/logs/deployments/e-2ta8uv25be/eb-deployment-ecd35ef1-0933-4408-9f89-ecc12d18329c.log
2026/06/09 09:27:05.646783 [INFO] Engine command: (app-deploy)

2026/06/09 09:27:05.646788 [INFO] Downloading EB Application...
2026/06/09 09:27:05.646791 [INFO] Region: ap-south-1
2026/06/09 09:27:05.646794 [INFO] envID: e-2ta8uv25be
2026/06/09 09:27:05.646797 [INFO] envBucket: elasticbeanstalk-ap-south-1-821279529027
2026/06/09 09:27:05.646800 [INFO] accountID: 821279529027
2026/06/09 09:27:05.646803 [INFO] Using manifest file name from command request
2026/06/09 09:27:05.646814 [INFO] Manifest name is : manifest_1780997204273
2026/06/09 09:27:05.646816 [INFO] Download app version manifest
2026/06/09 09:27:05.647027 [INFO] Downloading: bucket: elasticbeanstalk-ap-south-1-821279529027, object: resources/environments/e-2ta8uv25be/_runtime/versions/manifest_1780997204273, expected bucket owner: 821279529027
2026/06/09 09:27:05.677785 [INFO] Download successful116bytes downloaded
2026/06/09 09:27:05.677925 [INFO] Trying to read and parse version manifest...
2026/06/09 09:27:05.679386 [INFO] Downloading: bucket: elasticbeanstalk-ap-south-1-821279529027, object: resources/environments/e-2ta8uv25be/_runtime/_versions/onebharat-foreigntent/v11, expected bucket owner: 821279529027
2026/06/09 09:27:05.905777 [INFO] Download successful18789031bytes downloaded
2026/06/09 09:27:05.960262 [INFO] Executing instruction: ElectLeader
2026/06/09 09:27:05.960271 [INFO] Running leader election for instance i-09769252ad78ece22...
2026/06/09 09:27:05.960274 [INFO] Calling the cfn-elect-cmd-leader to elect the command leader.
2026/06/09 09:27:05.960284 [INFO] Running command: /opt/aws/bin/cfn-elect-cmd-leader --stack arn:aws:cloudformation:ap-south-1:821279529027:stack/awseb-e-2ta8uv25be-stack/dff6c660-5b27-11f1-a391-0a7fe37dc01b --command-name ElasticBeanstalkCommand-AWSEBAutoScalingGroup --invocation-id 8b88ebb6-e89f-4bdb-82ac-43e0c0dfa99a --listener-id i-09769252ad78ece22 --region ap-south-1
2026/06/09 09:27:06.196471 [INFO] Instance is Leader.
2026/06/09 09:27:06.196516 [INFO] Executing instruction: stopSqsd
2026/06/09 09:27:06.196522 [INFO] This is a web server environment instance, skip stop sqsd daemon ...
2026/06/09 09:27:06.196525 [INFO] Executing instruction: PreBuildEbExtension
2026/06/09 09:27:06.196565 [INFO] Starting executing the config set Infra-EmbeddedPreBuild.
2026/06/09 09:27:06.196576 [INFO] Running command: /opt/aws/bin/cfn-init -s arn:aws:cloudformation:ap-south-1:821279529027:stack/awseb-e-2ta8uv25be-stack/dff6c660-5b27-11f1-a391-0a7fe37dc01b -r AWSEBAutoScalingGroup --region ap-south-1 --configsets Infra-EmbeddedPreBuild
2026/06/09 09:27:06.451612 [INFO] Finished executing the config set Infra-EmbeddedPreBuild.

2026/06/09 09:27:06.451694 [INFO] Executing instruction: StageApplication
2026/06/09 09:27:06.451697 [INFO] Recreating /var/app/staging/
2026/06/09 09:27:06.451789 [INFO] extracting /opt/elasticbeanstalk/deployment/app_source_bundle to /var/app/staging/
2026/06/09 09:27:06.451801 [INFO] Running command: /usr/bin/unzip -q -o /opt/elasticbeanstalk/deployment/app_source_bundle -d /var/app/staging/
2026/06/09 09:27:06.756005 [INFO] finished extracting /opt/elasticbeanstalk/deployment/app_source_bundle to /var/app/staging/ successfully
2026/06/09 09:27:06.756982 [INFO] Executing instruction: RunAppDeployPreBuildHooks
2026/06/09 09:27:06.757004 [INFO] No hooks found in .platform/hooks/prebuild/, skipping
2026/06/09 09:27:06.757009 [INFO] Executing instruction: Golang Specific Build Application
2026/06/09 09:27:06.757012 [INFO] checking Buildfile...
2026/06/09 09:27:06.757018 [INFO] no Buildfile found, checking application.go file
2026/06/09 09:27:06.757024 [INFO] no application.go file
2026/06/09 09:27:06.757027 [INFO] Executing instruction: Check Procfile For Golang Application
2026/06/09 09:27:06.757046 [INFO] detected Procfile in application source bundle ...
2026/06/09 09:27:06.757052 [INFO] Executing instruction: configure X-Ray
2026/06/09 09:27:06.757055 [INFO] X-Ray is not enabled.
2026/06/09 09:27:06.757057 [INFO] Executing instruction: configure proxy server
2026/06/09 09:27:06.757066 [INFO] Recreating /var/proxy/staging/nginx
2026/06/09 09:27:06.760953 [INFO] Executing instruction: configure healthd specific proxy conf
2026/06/09 09:27:06.761959 [INFO] Running command: systemctl show -p PartOf healthd.service
2026/06/09 09:27:06.848705 [WARN] Warning: process healthd is already registered...
Deregistering the process ...
2026/06/09 09:27:06.848738 [INFO] Running command: systemctl show -p PartOf healthd.service
2026/06/09 09:27:06.863591 [INFO] Running command: systemctl is-active healthd.service
2026/06/09 09:27:06.874273 [INFO] Running command: systemctl show -p PartOf healthd.service
2026/06/09 09:27:06.887532 [INFO] Running command: systemctl stop healthd.service
2026/06/09 09:27:07.011267 [INFO] Running command: systemctl disable healthd.service
2026/06/09 09:27:07.313702 [INFO] Removed "/etc/systemd/system/multi-user.target.wants/healthd.service".

2026/06/09 09:27:07.314152 [INFO] Running command: systemctl daemon-reload
2026/06/09 09:27:07.547357 [INFO] Running command: systemctl reset-failed
2026/06/09 09:27:07.557435 [INFO] Running command: systemctl daemon-reload
2026/06/09 09:27:07.829373 [INFO] Running command: systemctl reset-failed
2026/06/09 09:27:07.837604 [INFO] Running command: systemctl is-enabled aws-eb.target
2026/06/09 09:27:07.846001 [INFO] Running command: systemctl enable aws-eb.target
2026/06/09 09:27:08.129848 [INFO] Running command: systemctl start aws-eb.target
2026/06/09 09:27:08.138716 [INFO] Running command: systemctl enable healthd.service
2026/06/09 09:27:08.407575 [INFO] Created symlink /etc/systemd/system/multi-user.target.wants/healthd.service → /etc/systemd/system/healthd.service.

2026/06/09 09:27:08.407608 [INFO] Running command: systemctl show -p PartOf healthd.service
2026/06/09 09:27:08.418809 [INFO] Running command: systemctl is-active healthd.service
2026/06/09 09:27:08.426287 [INFO] Running command: systemctl start healthd.service
2026/06/09 09:27:08.491743 [INFO] Copying file /opt/elasticbeanstalk/config/private/healthd/healthd_logformat.conf to /var/proxy/staging/nginx/conf.d/healthd_logformat.conf
2026/06/09 09:27:08.492364 [INFO] Copying file /opt/elasticbeanstalk/config/private/healthd/healthd_nginx.conf to /var/proxy/staging/nginx/conf.d/elasticbeanstalk/healthd.conf
2026/06/09 09:27:08.493115 [INFO] Executing instruction: configure log streaming
2026/06/09 09:27:08.493134 [INFO] log streaming is not enabled
2026/06/09 09:27:08.493138 [INFO] disable log stream
2026/06/09 09:27:08.493149 [INFO] Running command: systemctl show -p PartOf amazon-cloudwatch-agent.service
2026/06/09 09:27:08.512152 [INFO] Running command: systemctl stop amazon-cloudwatch-agent.service
2026/06/09 09:27:08.529281 [INFO] Executing instruction: GetToggleForceRotate
2026/06/09 09:27:08.529305 [INFO] Checking if logs need forced rotation
2026/06/09 09:27:08.529325 [INFO] Running command: /opt/aws/bin/cfn-get-metadata -s arn:aws:cloudformation:ap-south-1:821279529027:stack/awseb-e-2ta8uv25be-stack/dff6c660-5b27-11f1-a391-0a7fe37dc01b -r AWSEBAutoScalingGroup --region ap-south-1
2026/06/09 09:27:08.875004 [INFO] Running command: /opt/aws/bin/cfn-get-metadata -s arn:aws:cloudformation:ap-south-1:821279529027:stack/awseb-e-2ta8uv25be-stack/dff6c660-5b27-11f1-a391-0a7fe37dc01b -r AWSEBBeanstalkMetadata --region ap-south-1
2026/06/09 09:27:09.213257 [INFO] Generating rsyslog config from Procfile
2026/06/09 09:27:09.214382 [INFO] Running command: systemctl restart rsyslog.service
2026/06/09 09:27:09.805608 [INFO] Executing instruction: PostBuildEbExtension
2026/06/09 09:27:09.805688 [INFO] Starting executing the config set Infra-EmbeddedPostBuild.
2026/06/09 09:27:09.805704 [INFO] Running command: /opt/aws/bin/cfn-init -s arn:aws:cloudformation:ap-south-1:821279529027:stack/awseb-e-2ta8uv25be-stack/dff6c660-5b27-11f1-a391-0a7fe37dc01b -r AWSEBAutoScalingGroup --region ap-south-1 --configsets Infra-EmbeddedPostBuild
2026/06/09 09:27:10.062472 [INFO] Finished executing the config set Infra-EmbeddedPostBuild.

2026/06/09 09:27:10.062553 [INFO] Executing instruction: CleanEbExtensions
2026/06/09 09:27:10.062576 [INFO] Cleaned ebextensions subdirectories from app staging directory.
2026/06/09 09:27:10.062579 [INFO] Executing instruction: RunAppDeployPreDeployHooks
2026/06/09 09:27:10.062585 [INFO] No hooks found in .platform/hooks/predeploy/, skipping
2026/06/09 09:27:10.062587 [INFO] Executing instruction: stop X-Ray
2026/06/09 09:27:10.062589 [INFO] stop X-Ray ...
2026/06/09 09:27:10.062599 [INFO] Running command: systemctl show -p PartOf xray.service
2026/06/09 09:27:10.076094 [WARN] stopProcess Warning: process xray is not registered 
2026/06/09 09:27:10.076127 [INFO] Running command: systemctl stop xray.service
2026/06/09 09:27:10.090884 [INFO] Executing instruction: stop proxy
2026/06/09 09:27:10.090918 [INFO] Running command: systemctl show -p PartOf httpd.service
2026/06/09 09:27:10.100757 [WARN] deregisterProcess Warning: process httpd is not registered, skipping...

2026/06/09 09:27:10.100823 [INFO] Running command: systemctl show -p PartOf nginx.service
2026/06/09 09:27:10.114469 [WARN] deregisterProcess Warning: process nginx is not registered, skipping...

2026/06/09 09:27:10.114499 [INFO] Executing instruction: FlipApplication
2026/06/09 09:27:10.114504 [INFO] fetching environment variables...
2026/06/09 09:27:10.114541 [INFO] found go.mod file
2026/06/09 09:27:10.114745 [INFO] Purge old process...
2026/06/09 09:27:10.114761 [INFO] Running command: systemctl stop eb-app.target
2026/06/09 09:27:10.123344 [INFO] Running command: systemctl show -p ConsistsOf eb-app.target | cut -d= -f2
2026/06/09 09:27:10.134520 [INFO] web.service

2026/06/09 09:27:10.134541 [INFO] deregistering process: web
2026/06/09 09:27:10.134551 [INFO] Running command: systemctl show -p PartOf web.service
2026/06/09 09:27:10.144788 [INFO] Running command: systemctl is-active web.service
2026/06/09 09:27:10.152790 [INFO] Running command: systemctl disable web.service
2026/06/09 09:27:10.407807 [INFO] Removed "/etc/systemd/system/multi-user.target.wants/web.service".

2026/06/09 09:27:10.407885 [INFO] Running command: systemctl daemon-reload
2026/06/09 09:27:10.689045 [INFO] Running command: systemctl reset-failed
2026/06/09 09:27:10.697404 [INFO] Running command: systemctl is-active web.service
2026/06/09 09:27:10.704815 [INFO] Process web has been fully terminated
2026/06/09 09:27:10.704840 [INFO] All processes have been fully terminated
2026/06/09 09:27:10.704844 [INFO] Removing /var/app/current/ if it exists
2026/06/09 09:27:10.708330 [INFO] Renaming /var/app/staging/ to /var/app/current/
2026/06/09 09:27:10.708381 [INFO] Register application processes...
2026/06/09 09:27:10.708388 [INFO] Registering the proc: web

2026/06/09 09:27:10.708397 [INFO] Running command: systemctl show -p PartOf web.service
2026/06/09 09:27:10.719147 [INFO] Running command: systemctl daemon-reload
2026/06/09 09:27:10.966849 [INFO] Running command: systemctl reset-failed
2026/06/09 09:27:10.975714 [INFO] Running command: systemctl is-enabled eb-app.target
2026/06/09 09:27:10.983775 [INFO] Running command: systemctl enable eb-app.target
2026/06/09 09:27:11.238445 [INFO] Running command: systemctl start eb-app.target
2026/06/09 09:27:11.247755 [INFO] Running command: systemctl enable web.service
2026/06/09 09:27:11.498334 [INFO] Created symlink /etc/systemd/system/multi-user.target.wants/web.service → /etc/systemd/system/web.service.

2026/06/09 09:27:11.498368 [INFO] Running command: systemctl show -p PartOf web.service
2026/06/09 09:27:11.509997 [INFO] Running command: systemctl is-active web.service
2026/06/09 09:27:11.517764 [INFO] Running command: systemctl start web.service
2026/06/09 09:27:11.641448 [INFO] Job for web.service failed because the control process exited with error code.
See "systemctl status web.service" and "journalctl -xeu web.service" for details.

2026/06/09 09:27:11.641501 [ERROR] An error occurred during execution of command [app-deploy] - [FlipApplication]. Stop running the command. Error: Register application failed because the registration of proc web failed: 
startProcess Failure: starting process "web" failed: Command systemctl start web.service failed with error exit status 1. Stderr:Job for web.service failed because the control process exited with error code.
See "systemctl status web.service" and "journalctl -xeu web.service" for details.
 
 

2026/06/09 09:27:11.641506 [INFO] Executing cleanup logic
2026/06/09 09:27:11.641608 [INFO] CommandService Response: {"status":"FAILURE","api_version":"1.0","results":[{"status":"FAILURE","msg":"Engine execution has encountered an error.","returncode":1,"events":[{"msg":"Instance deployment used the commands in your 'Procfile' to initiate startup of your application.","timestamp":1780997226757,"severity":"INFO"},{"msg":"Instance deployment found and used the 'go.mod' file in your source bundle.","timestamp":1780997230114,"severity":"INFO"},{"msg":"Instance deployment failed. For details, see 'eb-engine.log'.","timestamp":1780997231641,"severity":"ERROR"}]}]}

2026/06/09 09:27:11.668492 [INFO] Platform Engine finished execution on command: app-deploy

2026/06/09 09:34:22.061498 [INFO] Starting...
2026/06/09 09:34:22.061552 [INFO] Starting EBPlatform-PlatformEngine
2026/06/09 09:34:22.061573 [INFO] reading event message file
2026/06/09 09:34:22.061953 [INFO] Engine received EB command cfn-hup-exec

2026/06/09 09:34:22.133382 [INFO] Running command: /opt/aws/bin/cfn-get-metadata -s arn:aws:cloudformation:ap-south-1:821279529027:stack/awseb-e-2ta8uv25be-stack/dff6c660-5b27-11f1-a391-0a7fe37dc01b -r AWSEBAutoScalingGroup --region ap-south-1
2026/06/09 09:34:22.382205 [INFO] Running command: /opt/aws/bin/cfn-get-metadata -s arn:aws:cloudformation:ap-south-1:821279529027:stack/awseb-e-2ta8uv25be-stack/dff6c660-5b27-11f1-a391-0a7fe37dc01b -r AWSEBBeanstalkMetadata --region ap-south-1
2026/06/09 09:34:22.627868 [INFO] checking whether command app-deploy is applicable to this instance...
2026/06/09 09:34:22.627882 [INFO] this command is applicable to the instance, thus instance should execute command
2026/06/09 09:34:22.627887 [INFO] Setting up deployment log with request ID: 7368281b-1daf-4191-8f90-adfe933e6db6
2026/06/09 09:34:22.676784 [INFO] Started S3 deployment log upload to s3://elasticbeanstalk-ap-south-1-821279529027/resources/environments/logs/deployments/e-2ta8uv25be/eb-deployment-7368281b-1daf-4191-8f90-adfe933e6db6.log
2026/06/09 09:34:22.676906 [INFO] Engine command: (app-deploy)

2026/06/09 09:34:22.676910 [INFO] Downloading EB Application...
2026/06/09 09:34:22.676912 [INFO] Region: ap-south-1
2026/06/09 09:34:22.676914 [INFO] envID: e-2ta8uv25be
2026/06/09 09:34:22.676916 [INFO] envBucket: elasticbeanstalk-ap-south-1-821279529027
2026/06/09 09:34:22.676918 [INFO] accountID: 821279529027
2026/06/09 09:34:22.676921 [INFO] Using manifest file name from command request
2026/06/09 09:34:22.676930 [INFO] Manifest name is : manifest_1780997641973
2026/06/09 09:34:22.676933 [INFO] Download app version manifest
2026/06/09 09:34:22.677121 [INFO] Downloading: bucket: elasticbeanstalk-ap-south-1-821279529027, object: resources/environments/e-2ta8uv25be/_runtime/versions/manifest_1780997641973, expected bucket owner: 821279529027
2026/06/09 09:34:22.711951 [INFO] Download successful158bytes downloaded
2026/06/09 09:34:22.712105 [INFO] Trying to read and parse version manifest...
2026/06/09 09:34:22.713890 [INFO] Downloading: bucket: elasticbeanstalk-ap-south-1-821279529027, object: resources/environments/e-2ta8uv25be/_runtime/_versions/onebharat-foreigntent/onebharat-foreigntent-12, expected bucket owner: 821279529027
2026/06/09 09:34:22.904564 [INFO] Download successful18789062bytes downloaded
2026/06/09 09:34:22.924060 [INFO] Executing instruction: ElectLeader
2026/06/09 09:34:22.924069 [INFO] Running leader election for instance i-09769252ad78ece22...
2026/06/09 09:34:22.924072 [INFO] Calling the cfn-elect-cmd-leader to elect the command leader.
2026/06/09 09:34:22.924082 [INFO] Running command: /opt/aws/bin/cfn-elect-cmd-leader --stack arn:aws:cloudformation:ap-south-1:821279529027:stack/awseb-e-2ta8uv25be-stack/dff6c660-5b27-11f1-a391-0a7fe37dc01b --command-name ElasticBeanstalkCommand-AWSEBAutoScalingGroup --invocation-id f2382869-21d9-4be4-a931-5a488c947b25 --listener-id i-09769252ad78ece22 --region ap-south-1
2026/06/09 09:34:23.166667 [INFO] Instance is Leader.
2026/06/09 09:34:23.166713 [INFO] Executing instruction: stopSqsd
2026/06/09 09:34:23.166718 [INFO] This is a web server environment instance, skip stop sqsd daemon ...
2026/06/09 09:34:23.166721 [INFO] Executing instruction: PreBuildEbExtension
2026/06/09 09:34:23.166764 [INFO] Starting executing the config set Infra-EmbeddedPreBuild.
2026/06/09 09:34:23.166781 [INFO] Running command: /opt/aws/bin/cfn-init -s arn:aws:cloudformation:ap-south-1:821279529027:stack/awseb-e-2ta8uv25be-stack/dff6c660-5b27-11f1-a391-0a7fe37dc01b -r AWSEBAutoScalingGroup --region ap-south-1 --configsets Infra-EmbeddedPreBuild
2026/06/09 09:34:23.417880 [INFO] Finished executing the config set Infra-EmbeddedPreBuild.

2026/06/09 09:34:23.417967 [INFO] Executing instruction: StageApplication
2026/06/09 09:34:23.417971 [INFO] Recreating /var/app/staging/
2026/06/09 09:34:23.418071 [INFO] extracting /opt/elasticbeanstalk/deployment/app_source_bundle to /var/app/staging/
2026/06/09 09:34:23.418084 [INFO] Running command: /usr/bin/unzip -q -o /opt/elasticbeanstalk/deployment/app_source_bundle -d /var/app/staging/
2026/06/09 09:34:23.722170 [INFO] finished extracting /opt/elasticbeanstalk/deployment/app_source_bundle to /var/app/staging/ successfully
2026/06/09 09:34:23.722973 [INFO] Executing instruction: RunAppDeployPreBuildHooks
2026/06/09 09:34:23.722991 [INFO] No hooks found in .platform/hooks/prebuild/, skipping
2026/06/09 09:34:23.722994 [INFO] Executing instruction: Golang Specific Build Application
2026/06/09 09:34:23.722997 [INFO] checking Buildfile...
2026/06/09 09:34:23.723003 [INFO] no Buildfile found, checking application.go file
2026/06/09 09:34:23.723010 [INFO] no application.go file
2026/06/09 09:34:23.723014 [INFO] Executing instruction: Check Procfile For Golang Application
2026/06/09 09:34:23.723041 [INFO] detected Procfile in application source bundle ...
2026/06/09 09:34:23.723053 [INFO] Executing instruction: configure X-Ray
2026/06/09 09:34:23.723056 [INFO] X-Ray is not enabled.
2026/06/09 09:34:23.723059 [INFO] Executing instruction: configure proxy server
2026/06/09 09:34:23.723068 [INFO] Recreating /var/proxy/staging/nginx
2026/06/09 09:34:23.726816 [INFO] Executing instruction: configure healthd specific proxy conf
2026/06/09 09:34:23.727600 [INFO] Running command: systemctl show -p PartOf healthd.service
2026/06/09 09:34:23.738518 [WARN] Warning: process healthd is already registered...
Deregistering the process ...
2026/06/09 09:34:23.738551 [INFO] Running command: systemctl show -p PartOf healthd.service
2026/06/09 09:34:23.747399 [INFO] Running command: systemctl is-active healthd.service
2026/06/09 09:34:23.755288 [INFO] Running command: systemctl show -p PartOf healthd.service
2026/06/09 09:34:23.764105 [INFO] Running command: systemctl stop healthd.service
2026/06/09 09:34:23.871101 [INFO] Running command: systemctl disable healthd.service
2026/06/09 09:34:24.122563 [INFO] Removed "/etc/systemd/system/multi-user.target.wants/healthd.service".

2026/06/09 09:34:24.122778 [INFO] Running command: systemctl daemon-reload
2026/06/09 09:34:24.357621 [INFO] Running command: systemctl reset-failed
2026/06/09 09:34:24.367556 [INFO] Running command: systemctl daemon-reload
2026/06/09 09:34:24.648398 [INFO] Running command: systemctl reset-failed
2026/06/09 09:34:24.657155 [INFO] Running command: systemctl is-enabled aws-eb.target
2026/06/09 09:34:24.665857 [INFO] Running command: systemctl enable aws-eb.target
2026/06/09 09:34:24.946729 [INFO] Running command: systemctl start aws-eb.target
2026/06/09 09:34:24.955785 [INFO] Running command: systemctl enable healthd.service
2026/06/09 09:34:25.217964 [INFO] Created symlink /etc/systemd/system/multi-user.target.wants/healthd.service → /etc/systemd/system/healthd.service.

2026/06/09 09:34:25.217997 [INFO] Running command: systemctl show -p PartOf healthd.service
2026/06/09 09:34:25.229140 [INFO] Running command: systemctl is-active healthd.service
2026/06/09 09:34:25.236567 [INFO] Running command: systemctl start healthd.service
2026/06/09 09:34:25.294610 [INFO] Copying file /opt/elasticbeanstalk/config/private/healthd/healthd_logformat.conf to /var/proxy/staging/nginx/conf.d/healthd_logformat.conf
2026/06/09 09:34:25.295163 [INFO] Copying file /opt/elasticbeanstalk/config/private/healthd/healthd_nginx.conf to /var/proxy/staging/nginx/conf.d/elasticbeanstalk/healthd.conf
2026/06/09 09:34:25.295670 [INFO] Executing instruction: configure log streaming
2026/06/09 09:34:25.295680 [INFO] log streaming is not enabled
2026/06/09 09:34:25.295683 [INFO] disable log stream
2026/06/09 09:34:25.295695 [INFO] Running command: systemctl show -p PartOf amazon-cloudwatch-agent.service
2026/06/09 09:34:25.315397 [INFO] Running command: systemctl stop amazon-cloudwatch-agent.service
2026/06/09 09:34:25.333845 [INFO] Executing instruction: GetToggleForceRotate
2026/06/09 09:34:25.333870 [INFO] Checking if logs need forced rotation
2026/06/09 09:34:25.333882 [INFO] Running command: /opt/aws/bin/cfn-get-metadata -s arn:aws:cloudformation:ap-south-1:821279529027:stack/awseb-e-2ta8uv25be-stack/dff6c660-5b27-11f1-a391-0a7fe37dc01b -r AWSEBAutoScalingGroup --region ap-south-1
2026/06/09 09:34:25.684236 [INFO] Running command: /opt/aws/bin/cfn-get-metadata -s arn:aws:cloudformation:ap-south-1:821279529027:stack/awseb-e-2ta8uv25be-stack/dff6c660-5b27-11f1-a391-0a7fe37dc01b -r AWSEBBeanstalkMetadata --region ap-south-1
2026/06/09 09:34:26.013143 [INFO] Generating rsyslog config from Procfile
2026/06/09 09:34:26.014184 [INFO] Running command: systemctl restart rsyslog.service
2026/06/09 09:34:26.566149 [INFO] Executing instruction: PostBuildEbExtension
2026/06/09 09:34:26.566317 [INFO] Starting executing the config set Infra-EmbeddedPostBuild.
2026/06/09 09:34:26.566331 [INFO] Running command: /opt/aws/bin/cfn-init -s arn:aws:cloudformation:ap-south-1:821279529027:stack/awseb-e-2ta8uv25be-stack/dff6c660-5b27-11f1-a391-0a7fe37dc01b -r AWSEBAutoScalingGroup --region ap-south-1 --configsets Infra-EmbeddedPostBuild
2026/06/09 09:34:26.819479 [INFO] Finished executing the config set Infra-EmbeddedPostBuild.

2026/06/09 09:34:26.819570 [INFO] Executing instruction: CleanEbExtensions
2026/06/09 09:34:26.819592 [INFO] Cleaned ebextensions subdirectories from app staging directory.
2026/06/09 09:34:26.819595 [INFO] Executing instruction: RunAppDeployPreDeployHooks
2026/06/09 09:34:26.819603 [INFO] No hooks found in .platform/hooks/predeploy/, skipping
2026/06/09 09:34:26.819606 [INFO] Executing instruction: stop X-Ray
2026/06/09 09:34:26.819610 [INFO] stop X-Ray ...
2026/06/09 09:34:26.819623 [INFO] Running command: systemctl show -p PartOf xray.service
2026/06/09 09:34:26.833535 [WARN] stopProcess Warning: process xray is not registered 
2026/06/09 09:34:26.833585 [INFO] Running command: systemctl stop xray.service
2026/06/09 09:34:26.848554 [INFO] Executing instruction: stop proxy
2026/06/09 09:34:26.848597 [INFO] Running command: systemctl show -p PartOf httpd.service
2026/06/09 09:34:26.858436 [WARN] deregisterProcess Warning: process httpd is not registered, skipping...

2026/06/09 09:34:26.858468 [INFO] Running command: systemctl show -p PartOf nginx.service
2026/06/09 09:34:26.871591 [WARN] deregisterProcess Warning: process nginx is not registered, skipping...

2026/06/09 09:34:26.871614 [INFO] Executing instruction: FlipApplication
2026/06/09 09:34:26.871617 [INFO] fetching environment variables...
2026/06/09 09:34:26.871644 [INFO] found go.mod file
2026/06/09 09:34:26.871816 [INFO] Purge old process...
2026/06/09 09:34:26.871831 [INFO] Running command: systemctl stop eb-app.target
2026/06/09 09:34:26.880603 [INFO] Running command: systemctl show -p ConsistsOf eb-app.target | cut -d= -f2
2026/06/09 09:34:26.891390 [INFO] web.service

2026/06/09 09:34:26.891414 [INFO] deregistering process: web
2026/06/09 09:34:26.891437 [INFO] Running command: systemctl show -p PartOf web.service
2026/06/09 09:34:26.901804 [INFO] Running command: systemctl is-active web.service
2026/06/09 09:34:26.909406 [INFO] Running command: systemctl disable web.service
2026/06/09 09:34:27.147750 [INFO] Removed "/etc/systemd/system/multi-user.target.wants/web.service".

2026/06/09 09:34:27.147829 [INFO] Running command: systemctl daemon-reload
2026/06/09 09:34:27.396375 [INFO] Running command: systemctl reset-failed
2026/06/09 09:34:27.404728 [INFO] Running command: systemctl is-active web.service
2026/06/09 09:34:27.412134 [INFO] Process web has been fully terminated
2026/06/09 09:34:27.412157 [INFO] All processes have been fully terminated
2026/06/09 09:34:27.412162 [INFO] Removing /var/app/current/ if it exists
2026/06/09 09:34:27.415507 [INFO] Renaming /var/app/staging/ to /var/app/current/
2026/06/09 09:34:27.415606 [INFO] Register application processes...
2026/06/09 09:34:27.415615 [INFO] Registering the proc: web

2026/06/09 09:34:27.415623 [INFO] Running command: systemctl show -p PartOf web.service
2026/06/09 09:34:27.426274 [INFO] Running command: systemctl daemon-reload
2026/06/09 09:34:27.656405 [INFO] Running command: systemctl reset-failed
2026/06/09 09:34:27.664601 [INFO] Running command: systemctl is-enabled eb-app.target
2026/06/09 09:34:27.673089 [INFO] Running command: systemctl enable eb-app.target
2026/06/09 09:34:27.916559 [INFO] Running command: systemctl start eb-app.target
2026/06/09 09:34:27.925629 [INFO] Running command: systemctl enable web.service
2026/06/09 09:34:28.166427 [INFO] Created symlink /etc/systemd/system/multi-user.target.wants/web.service → /etc/systemd/system/web.service.

2026/06/09 09:34:28.166459 [INFO] Running command: systemctl show -p PartOf web.service
2026/06/09 09:34:28.177526 [INFO] Running command: systemctl is-active web.service
2026/06/09 09:34:28.185732 [INFO] Running command: systemctl start web.service
2026/06/09 09:34:28.321383 [INFO] Job for web.service failed because the control process exited with error code.
See "systemctl status web.service" and "journalctl -xeu web.service" for details.

2026/06/09 09:34:28.321437 [ERROR] An error occurred during execution of command [app-deploy] - [FlipApplication]. Stop running the command. Error: Register application failed because the registration of proc web failed: 
startProcess Failure: starting process "web" failed: Command systemctl start web.service failed with error exit status 1. Stderr:Job for web.service failed because the control process exited with error code.
See "systemctl status web.service" and "journalctl -xeu web.service" for details.
 
 

2026/06/09 09:34:28.321442 [INFO] Executing cleanup logic
2026/06/09 09:34:28.321539 [INFO] CommandService Response: {"status":"FAILURE","api_version":"1.0","results":[{"status":"FAILURE","msg":"Engine execution has encountered an error.","returncode":1,"events":[{"msg":"Instance deployment used the commands in your 'Procfile' to initiate startup of your application.","timestamp":1780997663723,"severity":"INFO"},{"msg":"Instance deployment found and used the 'go.mod' file in your source bundle.","timestamp":1780997666871,"severity":"INFO"},{"msg":"Instance deployment failed. For details, see 'eb-engine.log'.","timestamp":1780997668321,"severity":"ERROR"}]}]}

2026/06/09 09:34:28.348639 [INFO] Platform Engine finished execution on command: app-deploy

2026/06/09 09:36:58.034120 [INFO] Starting...
2026/06/09 09:36:58.034175 [INFO] Starting EBPlatform-PlatformEngine
2026/06/09 09:36:58.034199 [INFO] reading event message file
2026/06/09 09:36:58.034576 [INFO] Engine received EB command cfn-hup-exec

2026/06/09 09:36:58.102346 [INFO] Running command: /opt/aws/bin/cfn-get-metadata -s arn:aws:cloudformation:ap-south-1:821279529027:stack/awseb-e-2ta8uv25be-stack/dff6c660-5b27-11f1-a391-0a7fe37dc01b -r AWSEBAutoScalingGroup --region ap-south-1
2026/06/09 09:36:58.326224 [INFO] Running command: /opt/aws/bin/cfn-get-metadata -s arn:aws:cloudformation:ap-south-1:821279529027:stack/awseb-e-2ta8uv25be-stack/dff6c660-5b27-11f1-a391-0a7fe37dc01b -r AWSEBBeanstalkMetadata --region ap-south-1
2026/06/09 09:36:58.546566 [INFO] checking whether command tail-log is applicable to this instance...
2026/06/09 09:36:58.546580 [INFO] this command is applicable to the instance, thus instance should execute command
2026/06/09 09:36:58.546584 [INFO] Engine command: (tail-log)

2026/06/09 09:36:58.546633 [INFO] Executing instruction: GetTailLogs
2026/06/09 09:36:58.546637 [INFO] Tail Logs...
2026/06/09 09:36:58.547131 [INFO] Running command: tail -n 100 /var/log/web.stdout.log
2026/06/09 09:36:58.549593 [INFO] Running command: tail -n 100 /var/log/eb-engine.log
2026/06/09 09:36:58.552310 [INFO] Running command: tail -n 100 /var/log/nginx/access.log
2026/06/09 09:36:58.554481 [INFO] Running command: tail -n 100 /var/log/nginx/error.log
2026/06/09 09:36:58.608632 [INFO] Executing cleanup logic
2026/06/09 09:36:58.608723 [INFO] CommandService Response: {"status":"SUCCESS","api_version":"1.0","results":[{"status":"SUCCESS","msg":"Engine execution has succeeded.","returncode":0,"events":[{"msg":"Instance deployment completed successfully.","timestamp":1780997818608,"severity":"INFO"}]}]}

2026/06/09 09:36:58.608745 [INFO] Platform Engine finished execution on command: tail-log

2026/06/09 10:15:37.692973 [INFO] Starting...
2026/06/09 10:15:37.693033 [INFO] Starting EBPlatform-PlatformEngine
2026/06/09 10:15:37.693055 [INFO] reading event message file
2026/06/09 10:15:37.693440 [INFO] Engine received EB command cfn-hup-exec

2026/06/09 10:15:37.761422 [INFO] Running command: /opt/aws/bin/cfn-get-metadata -s arn:aws:cloudformation:ap-south-1:821279529027:stack/awseb-e-2ta8uv25be-stack/dff6c660-5b27-11f1-a391-0a7fe37dc01b -r AWSEBAutoScalingGroup --region ap-south-1
2026/06/09 10:15:37.993596 [INFO] Running command: /opt/aws/bin/cfn-get-metadata -s arn:aws:cloudformation:ap-south-1:821279529027:stack/awseb-e-2ta8uv25be-stack/dff6c660-5b27-11f1-a391-0a7fe37dc01b -r AWSEBBeanstalkMetadata --region ap-south-1
2026/06/09 10:15:38.225602 [INFO] checking whether command app-deploy is applicable to this instance...
2026/06/09 10:15:38.225618 [INFO] this command is applicable to the instance, thus instance should execute command
2026/06/09 10:15:38.225623 [INFO] Setting up deployment log with request ID: aad8b0ac-7746-40a9-a910-002ba83b6f1d
2026/06/09 10:15:38.266790 [INFO] Started S3 deployment log upload to s3://elasticbeanstalk-ap-south-1-821279529027/resources/environments/logs/deployments/e-2ta8uv25be/eb-deployment-aad8b0ac-7746-40a9-a910-002ba83b6f1d.log
2026/06/09 10:15:38.266911 [INFO] Engine command: (app-deploy)

2026/06/09 10:15:38.266916 [INFO] Downloading EB Application...
2026/06/09 10:15:38.266919 [INFO] Region: ap-south-1
2026/06/09 10:15:38.266922 [INFO] envID: e-2ta8uv25be
2026/06/09 10:15:38.266925 [INFO] envBucket: elasticbeanstalk-ap-south-1-821279529027
2026/06/09 10:15:38.266928 [INFO] accountID: 821279529027
2026/06/09 10:15:38.266931 [INFO] Using manifest file name from command request
2026/06/09 10:15:38.266942 [INFO] Manifest name is : manifest_1781000117434
2026/06/09 10:15:38.266944 [INFO] Download app version manifest
2026/06/09 10:15:38.267131 [INFO] Downloading: bucket: elasticbeanstalk-ap-south-1-821279529027, object: resources/environments/e-2ta8uv25be/_runtime/versions/manifest_1781000117434, expected bucket owner: 821279529027
2026/06/09 10:15:38.303212 [INFO] Download successful158bytes downloaded
2026/06/09 10:15:38.303365 [INFO] Trying to read and parse version manifest...
2026/06/09 10:15:38.304832 [INFO] Downloading: bucket: elasticbeanstalk-ap-south-1-821279529027, object: resources/environments/e-2ta8uv25be/_runtime/_versions/onebharat-foreigntent/onebharat-foreigntent-13, expected bucket owner: 821279529027
2026/06/09 10:15:38.514324 [INFO] Download successful18789806bytes downloaded
2026/06/09 10:15:38.548921 [INFO] Executing instruction: ElectLeader
2026/06/09 10:15:38.548930 [INFO] Running leader election for instance i-09769252ad78ece22...
2026/06/09 10:15:38.548933 [INFO] Calling the cfn-elect-cmd-leader to elect the command leader.
2026/06/09 10:15:38.548944 [INFO] Running command: /opt/aws/bin/cfn-elect-cmd-leader --stack arn:aws:cloudformation:ap-south-1:821279529027:stack/awseb-e-2ta8uv25be-stack/dff6c660-5b27-11f1-a391-0a7fe37dc01b --command-name ElasticBeanstalkCommand-AWSEBAutoScalingGroup --invocation-id 4281e805-6c9b-47ee-b175-2778c252a5c6 --listener-id i-09769252ad78ece22 --region ap-south-1
2026/06/09 10:15:38.786882 [INFO] Instance is Leader.
2026/06/09 10:15:38.786955 [INFO] Executing instruction: stopSqsd
2026/06/09 10:15:38.786962 [INFO] This is a web server environment instance, skip stop sqsd daemon ...
2026/06/09 10:15:38.786966 [INFO] Executing instruction: PreBuildEbExtension
2026/06/09 10:15:38.787015 [INFO] Starting executing the config set Infra-EmbeddedPreBuild.
2026/06/09 10:15:38.787033 [INFO] Running command: /opt/aws/bin/cfn-init -s arn:aws:cloudformation:ap-south-1:821279529027:stack/awseb-e-2ta8uv25be-stack/dff6c660-5b27-11f1-a391-0a7fe37dc01b -r AWSEBAutoScalingGroup --region ap-south-1 --configsets Infra-EmbeddedPreBuild
2026/06/09 10:15:39.034993 [INFO] Finished executing the config set Infra-EmbeddedPreBuild.

2026/06/09 10:15:39.035070 [INFO] Executing instruction: StageApplication
2026/06/09 10:15:39.035073 [INFO] Recreating /var/app/staging/
2026/06/09 10:15:39.035170 [INFO] extracting /opt/elasticbeanstalk/deployment/app_source_bundle to /var/app/staging/
2026/06/09 10:15:39.035184 [INFO] Running command: /usr/bin/unzip -q -o /opt/elasticbeanstalk/deployment/app_source_bundle -d /var/app/staging/
2026/06/09 10:15:39.340140 [INFO] finished extracting /opt/elasticbeanstalk/deployment/app_source_bundle to /var/app/staging/ successfully
2026/06/09 10:15:39.341034 [INFO] Executing instruction: RunAppDeployPreBuildHooks
2026/06/09 10:15:39.341056 [INFO] No hooks found in .platform/hooks/prebuild/, skipping
2026/06/09 10:15:39.341060 [INFO] Executing instruction: Golang Specific Build Application
2026/06/09 10:15:39.341063 [INFO] checking Buildfile...
2026/06/09 10:15:39.341074 [INFO] no Buildfile found, checking application.go file
2026/06/09 10:15:39.341083 [INFO] no application.go file
2026/06/09 10:15:39.341086 [INFO] Executing instruction: Check Procfile For Golang Application
2026/06/09 10:15:39.341108 [INFO] detected Procfile in application source bundle ...
2026/06/09 10:15:39.341121 [INFO] Executing instruction: configure X-Ray
2026/06/09 10:15:39.341124 [INFO] X-Ray is not enabled.
2026/06/09 10:15:39.341126 [INFO] Executing instruction: configure proxy server
2026/06/09 10:15:39.341134 [INFO] Recreating /var/proxy/staging/nginx
2026/06/09 10:15:39.353283 [INFO] Executing instruction: configure healthd specific proxy conf
2026/06/09 10:15:39.356003 [INFO] Running command: systemctl show -p PartOf healthd.service
2026/06/09 10:15:39.368940 [WARN] Warning: process healthd is already registered...
Deregistering the process ...
2026/06/09 10:15:39.368964 [INFO] Running command: systemctl show -p PartOf healthd.service
2026/06/09 10:15:39.408375 [INFO] Running command: systemctl is-active healthd.service
2026/06/09 10:15:39.420313 [INFO] Running command: systemctl show -p PartOf healthd.service
2026/06/09 10:15:39.432643 [INFO] Running command: systemctl stop healthd.service
2026/06/09 10:15:39.503159 [INFO] Running command: systemctl disable healthd.service
2026/06/09 10:15:39.854011 [INFO] Removed "/etc/systemd/system/multi-user.target.wants/healthd.service".

2026/06/09 10:15:39.854170 [INFO] Running command: systemctl daemon-reload
2026/06/09 10:15:40.099710 [INFO] Running command: systemctl reset-failed
2026/06/09 10:15:40.115175 [INFO] Running command: systemctl daemon-reload
2026/06/09 10:15:40.410731 [INFO] Running command: systemctl reset-failed
2026/06/09 10:15:40.419033 [INFO] Running command: systemctl is-enabled aws-eb.target
2026/06/09 10:15:40.427579 [INFO] Running command: systemctl enable aws-eb.target
2026/06/09 10:15:40.715910 [INFO] Running command: systemctl start aws-eb.target
2026/06/09 10:15:40.724858 [INFO] Running command: systemctl enable healthd.service
2026/06/09 10:15:41.007471 [INFO] Created symlink /etc/systemd/system/multi-user.target.wants/healthd.service → /etc/systemd/system/healthd.service.

2026/06/09 10:15:41.007505 [INFO] Running command: systemctl show -p PartOf healthd.service
2026/06/09 10:15:41.018917 [INFO] Running command: systemctl is-active healthd.service
2026/06/09 10:15:41.026377 [INFO] Running command: systemctl start healthd.service
2026/06/09 10:15:41.107300 [INFO] Copying file /opt/elasticbeanstalk/config/private/healthd/healthd_logformat.conf to /var/proxy/staging/nginx/conf.d/healthd_logformat.conf
2026/06/09 10:15:41.108606 [INFO] Copying file /opt/elasticbeanstalk/config/private/healthd/healthd_nginx.conf to /var/proxy/staging/nginx/conf.d/elasticbeanstalk/healthd.conf
2026/06/09 10:15:41.109896 [INFO] Executing instruction: configure log streaming
2026/06/09 10:15:41.109909 [INFO] log streaming is not enabled
2026/06/09 10:15:41.109913 [INFO] disable log stream
2026/06/09 10:15:41.109931 [INFO] Running command: systemctl show -p PartOf amazon-cloudwatch-agent.service
2026/06/09 10:15:41.128079 [INFO] Running command: systemctl stop amazon-cloudwatch-agent.service
2026/06/09 10:15:41.145721 [INFO] Executing instruction: GetToggleForceRotate
2026/06/09 10:15:41.145747 [INFO] Checking if logs need forced rotation
2026/06/09 10:15:41.145766 [INFO] Running command: /opt/aws/bin/cfn-get-metadata -s arn:aws:cloudformation:ap-south-1:821279529027:stack/awseb-e-2ta8uv25be-stack/dff6c660-5b27-11f1-a391-0a7fe37dc01b -r AWSEBAutoScalingGroup --region ap-south-1
2026/06/09 10:15:41.481932 [INFO] Running command: /opt/aws/bin/cfn-get-metadata -s arn:aws:cloudformation:ap-south-1:821279529027:stack/awseb-e-2ta8uv25be-stack/dff6c660-5b27-11f1-a391-0a7fe37dc01b -r AWSEBBeanstalkMetadata --region ap-south-1
2026/06/09 10:15:41.815859 [INFO] Generating rsyslog config from Procfile
2026/06/09 10:15:41.818395 [INFO] Running command: systemctl restart rsyslog.service
2026/06/09 10:15:42.256082 [INFO] Executing instruction: PostBuildEbExtension
2026/06/09 10:15:42.256250 [INFO] Starting executing the config set Infra-EmbeddedPostBuild.
2026/06/09 10:15:42.256269 [INFO] Running command: /opt/aws/bin/cfn-init -s arn:aws:cloudformation:ap-south-1:821279529027:stack/awseb-e-2ta8uv25be-stack/dff6c660-5b27-11f1-a391-0a7fe37dc01b -r AWSEBAutoScalingGroup --region ap-south-1 --configsets Infra-EmbeddedPostBuild
2026/06/09 10:15:42.518933 [INFO] Finished executing the config set Infra-EmbeddedPostBuild.

2026/06/09 10:15:42.519067 [INFO] Executing instruction: CleanEbExtensions
2026/06/09 10:15:42.519090 [INFO] Cleaned ebextensions subdirectories from app staging directory.
2026/06/09 10:15:42.519094 [INFO] Executing instruction: RunAppDeployPreDeployHooks
2026/06/09 10:15:42.519105 [INFO] No hooks found in .platform/hooks/predeploy/, skipping
2026/06/09 10:15:42.519108 [INFO] Executing instruction: stop X-Ray
2026/06/09 10:15:42.519110 [INFO] stop X-Ray ...
2026/06/09 10:15:42.519119 [INFO] Running command: systemctl show -p PartOf xray.service
2026/06/09 10:15:42.533014 [WARN] stopProcess Warning: process xray is not registered 
2026/06/09 10:15:42.533048 [INFO] Running command: systemctl stop xray.service
2026/06/09 10:15:42.547424 [INFO] Executing instruction: stop proxy
2026/06/09 10:15:42.547471 [INFO] Running command: systemctl show -p PartOf httpd.service
2026/06/09 10:15:42.557189 [WARN] deregisterProcess Warning: process httpd is not registered, skipping...

2026/06/09 10:15:42.557221 [INFO] Running command: systemctl show -p PartOf nginx.service
2026/06/09 10:15:42.570192 [WARN] deregisterProcess Warning: process nginx is not registered, skipping...

2026/06/09 10:15:42.570215 [INFO] Executing instruction: FlipApplication
2026/06/09 10:15:42.570219 [INFO] fetching environment variables...
2026/06/09 10:15:42.570243 [INFO] found go.mod file
2026/06/09 10:15:42.570425 [INFO] Purge old process...
2026/06/09 10:15:42.570443 [INFO] Running command: systemctl stop eb-app.target
2026/06/09 10:15:42.579416 [INFO] Running command: systemctl show -p ConsistsOf eb-app.target | cut -d= -f2
2026/06/09 10:15:42.589335 [INFO] web.service

2026/06/09 10:15:42.589354 [INFO] deregistering process: web
2026/06/09 10:15:42.589365 [INFO] Running command: systemctl show -p PartOf web.service
2026/06/09 10:15:42.599270 [INFO] Running command: systemctl is-active web.service
2026/06/09 10:15:42.606851 [INFO] Running command: systemctl disable web.service
2026/06/09 10:15:42.858647 [INFO] Removed "/etc/systemd/system/multi-user.target.wants/web.service".

2026/06/09 10:15:42.858723 [INFO] Running command: systemctl daemon-reload
2026/06/09 10:15:43.119014 [INFO] Running command: systemctl reset-failed
2026/06/09 10:15:43.127743 [INFO] Running command: systemctl is-active web.service
2026/06/09 10:15:43.135556 [INFO] Process web has been fully terminated
2026/06/09 10:15:43.135590 [INFO] All processes have been fully terminated
2026/06/09 10:15:43.135594 [INFO] Removing /var/app/current/ if it exists
2026/06/09 10:15:43.139085 [INFO] Renaming /var/app/staging/ to /var/app/current/
2026/06/09 10:15:43.139137 [INFO] Register application processes...
2026/06/09 10:15:43.139143 [INFO] Registering the proc: web

2026/06/09 10:15:43.139154 [INFO] Running command: systemctl show -p PartOf web.service
2026/06/09 10:15:43.151587 [INFO] Running command: systemctl daemon-reload
2026/06/09 10:15:43.439260 [INFO] Running command: systemctl reset-failed
2026/06/09 10:15:43.447708 [INFO] Running command: systemctl is-enabled eb-app.target
2026/06/09 10:15:43.455755 [INFO] Running command: systemctl enable eb-app.target
2026/06/09 10:15:43.735985 [INFO] Running command: systemctl start eb-app.target
2026/06/09 10:15:43.745508 [INFO] Running command: systemctl enable web.service
2026/06/09 10:15:43.996702 [INFO] Created symlink /etc/systemd/system/multi-user.target.wants/web.service → /etc/systemd/system/web.service.

2026/06/09 10:15:43.996735 [INFO] Running command: systemctl show -p PartOf web.service
2026/06/09 10:15:44.008103 [INFO] Running command: systemctl is-active web.service
2026/06/09 10:15:44.015911 [INFO] Running command: systemctl start web.service
2026/06/09 10:15:44.141496 [INFO] Job for web.service failed because the control process exited with error code.
See "systemctl status web.service" and "journalctl -xeu web.service" for details.

2026/06/09 10:15:44.141542 [ERROR] An error occurred during execution of command [app-deploy] - [FlipApplication]. Stop running the command. Error: Register application failed because the registration of proc web failed: 
startProcess Failure: starting process "web" failed: Command systemctl start web.service failed with error exit status 1. Stderr:Job for web.service failed because the control process exited with error code.
See "systemctl status web.service" and "journalctl -xeu web.service" for details.
 
 

2026/06/09 10:15:44.141546 [INFO] Executing cleanup logic
2026/06/09 10:15:44.141643 [INFO] CommandService Response: {"status":"FAILURE","api_version":"1.0","results":[{"status":"FAILURE","msg":"Engine execution has encountered an error.","returncode":1,"events":[{"msg":"Instance deployment used the commands in your 'Procfile' to initiate startup of your application.","timestamp":1781000139341,"severity":"INFO"},{"msg":"Instance deployment found and used the 'go.mod' file in your source bundle.","timestamp":1781000142570,"severity":"INFO"},{"msg":"Instance deployment failed. For details, see 'eb-engine.log'.","timestamp":1781000144141,"severity":"ERROR"}]}]}

2026/06/09 10:15:44.164193 [INFO] Platform Engine finished execution on command: app-deploy

2026/06/09 10:16:48.731310 [INFO] Starting...
2026/06/09 10:16:48.731360 [INFO] Starting EBPlatform-PlatformEngine
2026/06/09 10:16:48.731386 [INFO] reading event message file
2026/06/09 10:16:48.731747 [INFO] Engine received EB command cfn-hup-exec

2026/06/09 10:16:48.804152 [INFO] Running command: /opt/aws/bin/cfn-get-metadata -s arn:aws:cloudformation:ap-south-1:821279529027:stack/awseb-e-2ta8uv25be-stack/dff6c660-5b27-11f1-a391-0a7fe37dc01b -r AWSEBAutoScalingGroup --region ap-south-1
2026/06/09 10:16:49.034208 [INFO] Running command: /opt/aws/bin/cfn-get-metadata -s arn:aws:cloudformation:ap-south-1:821279529027:stack/awseb-e-2ta8uv25be-stack/dff6c660-5b27-11f1-a391-0a7fe37dc01b -r AWSEBBeanstalkMetadata --region ap-south-1
2026/06/09 10:16:49.285812 [INFO] checking whether command tail-log is applicable to this instance...
2026/06/09 10:16:49.285827 [INFO] this command is applicable to the instance, thus instance should execute command
2026/06/09 10:16:49.285831 [INFO] Engine command: (tail-log)

2026/06/09 10:16:49.285888 [INFO] Executing instruction: GetTailLogs
2026/06/09 10:16:49.285891 [INFO] Tail Logs...
2026/06/09 10:16:49.286366 [INFO] Running command: tail -n 100 /var/log/web.stdout.log
2026/06/09 10:16:49.288683 [INFO] Running command: tail -n 100 /var/log/eb-engine.log
2026/06/09 10:16:49.290776 [INFO] Running command: tail -n 100 /var/log/nginx/access.log
2026/06/09 10:16:49.292808 [INFO] Running command: tail -n 100 /var/log/nginx/error.log
2026/06/09 10:16:49.346085 [INFO] Executing cleanup logic
2026/06/09 10:16:49.346184 [INFO] CommandService Response: {"status":"SUCCESS","api_version":"1.0","results":[{"status":"SUCCESS","msg":"Engine execution has succeeded.","returncode":0,"events":[{"msg":"Instance deployment completed successfully.","timestamp":1781000209346,"severity":"INFO"}]}]}

2026/06/09 10:16:49.346202 [INFO] Platform Engine finished execution on command: tail-log

2026/06/09 10:22:10.921027 [INFO] Starting...
2026/06/09 10:22:10.921077 [INFO] Starting EBPlatform-PlatformEngine
2026/06/09 10:22:10.921098 [INFO] reading event message file
2026/06/09 10:22:10.921473 [INFO] Engine received EB command cfn-hup-exec

2026/06/09 10:22:10.987893 [INFO] Running command: /opt/aws/bin/cfn-get-metadata -s arn:aws:cloudformation:ap-south-1:821279529027:stack/awseb-e-2ta8uv25be-stack/dff6c660-5b27-11f1-a391-0a7fe37dc01b -r AWSEBAutoScalingGroup --region ap-south-1
2026/06/09 10:22:11.223842 [INFO] Running command: /opt/aws/bin/cfn-get-metadata -s arn:aws:cloudformation:ap-south-1:821279529027:stack/awseb-e-2ta8uv25be-stack/dff6c660-5b27-11f1-a391-0a7fe37dc01b -r AWSEBBeanstalkMetadata --region ap-south-1
2026/06/09 10:22:11.446711 [INFO] checking whether command app-deploy is applicable to this instance...
2026/06/09 10:22:11.446724 [INFO] this command is applicable to the instance, thus instance should execute command
2026/06/09 10:22:11.446729 [INFO] Setting up deployment log with request ID: 76e0d356-b80a-423e-b5a5-48e9dac040a0
2026/06/09 10:22:11.489309 [INFO] Started S3 deployment log upload to s3://elasticbeanstalk-ap-south-1-821279529027/resources/environments/logs/deployments/e-2ta8uv25be/eb-deployment-76e0d356-b80a-423e-b5a5-48e9dac040a0.log
2026/06/09 10:22:11.489431 [INFO] Engine command: (app-deploy)

2026/06/09 10:22:11.489435 [INFO] Downloading EB Application...
2026/06/09 10:22:11.489437 [INFO] Region: ap-south-1
2026/06/09 10:22:11.489439 [INFO] envID: e-2ta8uv25be
2026/06/09 10:22:11.489441 [INFO] envBucket: elasticbeanstalk-ap-south-1-821279529027
2026/06/09 10:22:11.489444 [INFO] accountID: 821279529027
2026/06/09 10:22:11.489446 [INFO] Using manifest file name from command request
2026/06/09 10:22:11.489457 [INFO] Manifest name is : manifest_1781000510436
2026/06/09 10:22:11.489461 [INFO] Download app version manifest
2026/06/09 10:22:11.489645 [INFO] Downloading: bucket: elasticbeanstalk-ap-south-1-821279529027, object: resources/environments/e-2ta8uv25be/_runtime/versions/manifest_1781000510436, expected bucket owner: 821279529027
2026/06/09 10:22:11.515738 [INFO] Download successful158bytes downloaded
2026/06/09 10:22:11.515884 [INFO] Trying to read and parse version manifest...
2026/06/09 10:22:11.517434 [INFO] Downloading: bucket: elasticbeanstalk-ap-south-1-821279529027, object: resources/environments/e-2ta8uv25be/_runtime/_versions/onebharat-foreigntent/onebharat-foreigntent-14, expected bucket owner: 821279529027
2026/06/09 10:22:11.736692 [INFO] Download successful18790329bytes downloaded
2026/06/09 10:22:11.756121 [INFO] Executing instruction: ElectLeader
2026/06/09 10:22:11.756131 [INFO] Running leader election for instance i-09769252ad78ece22...
2026/06/09 10:22:11.756135 [INFO] Calling the cfn-elect-cmd-leader to elect the command leader.
2026/06/09 10:22:11.756152 [INFO] Running command: /opt/aws/bin/cfn-elect-cmd-leader --stack arn:aws:cloudformation:ap-south-1:821279529027:stack/awseb-e-2ta8uv25be-stack/dff6c660-5b27-11f1-a391-0a7fe37dc01b --command-name ElasticBeanstalkCommand-AWSEBAutoScalingGroup --invocation-id 55e2917a-2e91-4f8e-97d0-4fd30bd35b8c --listener-id i-09769252ad78ece22 --region ap-south-1
2026/06/09 10:22:11.982794 [INFO] Instance is Leader.
2026/06/09 10:22:11.982840 [INFO] Executing instruction: stopSqsd
2026/06/09 10:22:11.982845 [INFO] This is a web server environment instance, skip stop sqsd daemon ...
2026/06/09 10:22:11.982847 [INFO] Executing instruction: PreBuildEbExtension
2026/06/09 10:22:11.982890 [INFO] Starting executing the config set Infra-EmbeddedPreBuild.
2026/06/09 10:22:11.982913 [INFO] Running command: /opt/aws/bin/cfn-init -s arn:aws:cloudformation:ap-south-1:821279529027:stack/awseb-e-2ta8uv25be-stack/dff6c660-5b27-11f1-a391-0a7fe37dc01b -r AWSEBAutoScalingGroup --region ap-south-1 --configsets Infra-EmbeddedPreBuild
2026/06/09 10:22:12.236382 [INFO] Finished executing the config set Infra-EmbeddedPreBuild.

2026/06/09 10:22:12.236536 [INFO] Executing instruction: StageApplication
2026/06/09 10:22:12.236541 [INFO] Recreating /var/app/staging/
2026/06/09 10:22:12.236642 [INFO] extracting /opt/elasticbeanstalk/deployment/app_source_bundle to /var/app/staging/
2026/06/09 10:22:12.236656 [INFO] Running command: /usr/bin/unzip -q -o /opt/elasticbeanstalk/deployment/app_source_bundle -d /var/app/staging/
2026/06/09 10:22:12.541749 [INFO] finished extracting /opt/elasticbeanstalk/deployment/app_source_bundle to /var/app/staging/ successfully
2026/06/09 10:22:12.542651 [INFO] Executing instruction: RunAppDeployPreBuildHooks
2026/06/09 10:22:12.542666 [WARN] skipping hooks scripts under /opt/elasticbeanstalk/hooks/
2026/06/09 10:22:12.542683 [INFO] No hooks found in .platform/hooks/prebuild/, skipping
2026/06/09 10:22:12.542687 [INFO] Executing instruction: Golang Specific Build Application
2026/06/09 10:22:12.542690 [INFO] checking Buildfile...
2026/06/09 10:22:12.542699 [INFO] no Buildfile found, checking application.go file
2026/06/09 10:22:12.542705 [INFO] no application.go file
2026/06/09 10:22:12.542708 [INFO] Executing instruction: Check Procfile For Golang Application
2026/06/09 10:22:12.542726 [INFO] detected Procfile in application source bundle ...
2026/06/09 10:22:12.542738 [INFO] Executing instruction: configure X-Ray
2026/06/09 10:22:12.542743 [INFO] X-Ray is not enabled.
2026/06/09 10:22:12.542746 [INFO] Executing instruction: configure proxy server
2026/06/09 10:22:12.542757 [INFO] Recreating /var/proxy/staging/nginx
2026/06/09 10:22:12.551820 [INFO] Executing instruction: configure healthd specific proxy conf
2026/06/09 10:22:12.553889 [INFO] Running command: systemctl show -p PartOf healthd.service
2026/06/09 10:22:12.565512 [WARN] Warning: process healthd is already registered...
Deregistering the process ...
2026/06/09 10:22:12.565548 [INFO] Running command: systemctl show -p PartOf healthd.service
2026/06/09 10:22:12.574803 [INFO] Running command: systemctl is-active healthd.service
2026/06/09 10:22:12.583140 [INFO] Running command: systemctl show -p PartOf healthd.service
2026/06/09 10:22:12.592409 [INFO] Running command: systemctl stop healthd.service
2026/06/09 10:22:12.731149 [INFO] Running command: systemctl disable healthd.service
2026/06/09 10:22:13.021490 [INFO] Removed "/etc/systemd/system/multi-user.target.wants/healthd.service".

2026/06/09 10:22:13.021641 [INFO] Running command: systemctl daemon-reload
2026/06/09 10:22:13.298478 [INFO] Running command: systemctl reset-failed
2026/06/09 10:22:13.310013 [INFO] Running command: systemctl daemon-reload
2026/06/09 10:22:13.587653 [INFO] Running command: systemctl reset-failed
2026/06/09 10:22:13.596643 [INFO] Running command: systemctl is-enabled aws-eb.target
2026/06/09 10:22:13.604759 [INFO] Running command: systemctl enable aws-eb.target
2026/06/09 10:22:13.844722 [INFO] Running command: systemctl start aws-eb.target
2026/06/09 10:22:13.854386 [INFO] Running command: systemctl enable healthd.service
2026/06/09 10:22:14.106130 [INFO] Created symlink /etc/systemd/system/multi-user.target.wants/healthd.service → /etc/systemd/system/healthd.service.

2026/06/09 10:22:14.106166 [INFO] Running command: systemctl show -p PartOf healthd.service
2026/06/09 10:22:14.117555 [INFO] Running command: systemctl is-active healthd.service
2026/06/09 10:22:14.125714 [INFO] Running command: systemctl start healthd.service
2026/06/09 10:22:14.184979 [INFO] Copying file /opt/elasticbeanstalk/config/private/healthd/healthd_logformat.conf to /var/proxy/staging/nginx/conf.d/healthd_logformat.conf
2026/06/09 10:22:14.186229 [INFO] Copying file /opt/elasticbeanstalk/config/private/healthd/healthd_nginx.conf to /var/proxy/staging/nginx/conf.d/elasticbeanstalk/healthd.conf
2026/06/09 10:22:14.187418 [INFO] Executing instruction: configure log streaming
2026/06/09 10:22:14.187428 [INFO] log streaming is not enabled
2026/06/09 10:22:14.187431 [INFO] disable log stream
2026/06/09 10:22:14.187441 [INFO] Running command: systemctl show -p PartOf amazon-cloudwatch-agent.service
2026/06/09 10:22:14.206846 [INFO] Running command: systemctl stop amazon-cloudwatch-agent.service
2026/06/09 10:22:14.223251 [INFO] Executing instruction: GetToggleForceRotate
2026/06/09 10:22:14.223277 [INFO] Checking if logs need forced rotation
2026/06/09 10:22:14.223509 [INFO] Running command: /opt/aws/bin/cfn-get-metadata -s arn:aws:cloudformation:ap-south-1:821279529027:stack/awseb-e-2ta8uv25be-stack/dff6c660-5b27-11f1-a391-0a7fe37dc01b -r AWSEBAutoScalingGroup --region ap-south-1
2026/06/09 10:22:14.583628 [INFO] Running command: /opt/aws/bin/cfn-get-metadata -s arn:aws:cloudformation:ap-south-1:821279529027:stack/awseb-e-2ta8uv25be-stack/dff6c660-5b27-11f1-a391-0a7fe37dc01b -r AWSEBBeanstalkMetadata --region ap-south-1
2026/06/09 10:22:14.934013 [INFO] Generating rsyslog config from Procfile
2026/06/09 10:22:14.936337 [INFO] Running command: systemctl restart rsyslog.service
2026/06/09 10:22:15.255718 [INFO] Executing instruction: PostBuildEbExtension
2026/06/09 10:22:15.255874 [INFO] Starting executing the config set Infra-EmbeddedPostBuild.
2026/06/09 10:22:15.255891 [INFO] Running command: /opt/aws/bin/cfn-init -s arn:aws:cloudformation:ap-south-1:821279529027:stack/awseb-e-2ta8uv25be-stack/dff6c660-5b27-11f1-a391-0a7fe37dc01b -r AWSEBAutoScalingGroup --region ap-south-1 --configsets Infra-EmbeddedPostBuild
2026/06/09 10:22:15.535002 [INFO] Finished executing the config set Infra-EmbeddedPostBuild.

2026/06/09 10:22:15.535097 [INFO] Executing instruction: CleanEbExtensions
2026/06/09 10:22:15.535199 [INFO] Cleaned ebextensions subdirectories from app staging directory.
2026/06/09 10:22:15.535204 [INFO] Executing instruction: RunAppDeployPreDeployHooks
2026/06/09 10:22:15.535216 [INFO] No hooks found in .platform/hooks/predeploy/, skipping
2026/06/09 10:22:15.535220 [INFO] Executing instruction: stop X-Ray
2026/06/09 10:22:15.535222 [INFO] stop X-Ray ...
2026/06/09 10:22:15.535234 [INFO] Running command: systemctl show -p PartOf xray.service
2026/06/09 10:22:15.548715 [WARN] stopProcess Warning: process xray is not registered 
2026/06/09 10:22:15.548748 [INFO] Running command: systemctl stop xray.service
2026/06/09 10:22:15.563112 [INFO] Executing instruction: stop proxy
2026/06/09 10:22:15.563145 [INFO] Running command: systemctl show -p PartOf httpd.service
2026/06/09 10:22:15.572882 [WARN] deregisterProcess Warning: process httpd is not registered, skipping...

2026/06/09 10:22:15.572915 [INFO] Running command: systemctl show -p PartOf nginx.service
2026/06/09 10:22:15.585480 [WARN] deregisterProcess Warning: process nginx is not registered, skipping...

2026/06/09 10:22:15.585505 [INFO] Executing instruction: FlipApplication
2026/06/09 10:22:15.585510 [INFO] fetching environment variables...
2026/06/09 10:22:15.585544 [INFO] found go.mod file
2026/06/09 10:22:15.585745 [INFO] Purge old process...
2026/06/09 10:22:15.585762 [INFO] Running command: systemctl stop eb-app.target
2026/06/09 10:22:15.594637 [INFO] Running command: systemctl show -p ConsistsOf eb-app.target | cut -d= -f2
2026/06/09 10:22:15.604614 [INFO] web.service

2026/06/09 10:22:15.604639 [INFO] deregistering process: web
2026/06/09 10:22:15.604650 [INFO] Running command: systemctl show -p PartOf web.service
2026/06/09 10:22:15.614864 [INFO] Running command: systemctl is-active web.service
2026/06/09 10:22:15.622349 [INFO] Running command: systemctl disable web.service
2026/06/09 10:22:15.909192 [INFO] Removed "/etc/systemd/system/multi-user.target.wants/web.service".

2026/06/09 10:22:15.909271 [INFO] Running command: systemctl daemon-reload
2026/06/09 10:22:16.196991 [INFO] Running command: systemctl reset-failed
2026/06/09 10:22:16.205578 [INFO] Running command: systemctl is-active web.service
2026/06/09 10:22:16.213257 [INFO] Process web has been fully terminated
2026/06/09 10:22:16.213279 [INFO] All processes have been fully terminated
2026/06/09 10:22:16.213283 [INFO] Removing /var/app/current/ if it exists
2026/06/09 10:22:16.216498 [INFO] Renaming /var/app/staging/ to /var/app/current/
2026/06/09 10:22:16.216543 [INFO] Register application processes...
2026/06/09 10:22:16.216547 [INFO] Registering the proc: web

2026/06/09 10:22:16.216554 [INFO] Running command: systemctl show -p PartOf web.service
2026/06/09 10:22:16.228562 [INFO] Running command: systemctl daemon-reload
2026/06/09 10:22:16.519291 [INFO] Running command: systemctl reset-failed
2026/06/09 10:22:16.527238 [INFO] Running command: systemctl is-enabled eb-app.target
2026/06/09 10:22:16.534973 [INFO] Running command: systemctl enable eb-app.target
2026/06/09 10:22:16.767671 [INFO] Running command: systemctl start eb-app.target
2026/06/09 10:22:16.777093 [INFO] Running command: systemctl enable web.service
2026/06/09 10:22:17.005089 [INFO] Created symlink /etc/systemd/system/multi-user.target.wants/web.service → /etc/systemd/system/web.service.

2026/06/09 10:22:17.005122 [INFO] Running command: systemctl show -p PartOf web.service
2026/06/09 10:22:17.016318 [INFO] Running command: systemctl is-active web.service
2026/06/09 10:22:17.023668 [INFO] Running command: systemctl start web.service
2026/06/09 10:22:17.141418 [INFO] Job for web.service failed because the control process exited with error code.
See "systemctl status web.service" and "journalctl -xeu web.service" for details.

2026/06/09 10:22:17.141461 [ERROR] An error occurred during execution of command [app-deploy] - [FlipApplication]. Stop running the command. Error: Register application failed because the registration of proc web failed: 
startProcess Failure: starting process "web" failed: Command systemctl start web.service failed with error exit status 1. Stderr:Job for web.service failed because the control process exited with error code.
See "systemctl status web.service" and "journalctl -xeu web.service" for details.
 
 

2026/06/09 10:22:17.141467 [INFO] Executing cleanup logic
2026/06/09 10:22:17.141563 [INFO] CommandService Response: {"status":"FAILURE","api_version":"1.0","results":[{"status":"FAILURE","msg":"Engine execution has encountered an error.","returncode":1,"events":[{"msg":"Instance deployment used the commands in your 'Procfile' to initiate startup of your application.","timestamp":1781000532542,"severity":"INFO"},{"msg":"Instance deployment found and used the 'go.mod' file in your source bundle.","timestamp":1781000535585,"severity":"INFO"},{"msg":"Instance deployment failed. For details, see 'eb-engine.log'.","timestamp":1781000537141,"severity":"ERROR"}]}]}

2026/06/09 10:22:17.168420 [INFO] Platform Engine finished execution on command: app-deploy

2026/06/09 10:39:40.772740 [INFO] Starting...
2026/06/09 10:39:40.772797 [INFO] Starting EBPlatform-PlatformEngine
2026/06/09 10:39:40.772820 [INFO] reading event message file
2026/06/09 10:39:40.773193 [INFO] Engine received EB command cfn-hup-exec

2026/06/09 10:39:40.843641 [INFO] Running command: /opt/aws/bin/cfn-get-metadata -s arn:aws:cloudformation:ap-south-1:821279529027:stack/awseb-e-2ta8uv25be-stack/dff6c660-5b27-11f1-a391-0a7fe37dc01b -r AWSEBAutoScalingGroup --region ap-south-1
2026/06/09 10:39:41.073101 [INFO] Running command: /opt/aws/bin/cfn-get-metadata -s arn:aws:cloudformation:ap-south-1:821279529027:stack/awseb-e-2ta8uv25be-stack/dff6c660-5b27-11f1-a391-0a7fe37dc01b -r AWSEBBeanstalkMetadata --region ap-south-1
2026/06/09 10:39:41.301345 [INFO] checking whether command app-deploy is applicable to this instance...
2026/06/09 10:39:41.301362 [INFO] this command is applicable to the instance, thus instance should execute command
2026/06/09 10:39:41.301366 [INFO] Setting up deployment log with request ID: b3a69d08-1087-42a9-9fab-6c6ee7c7b624
2026/06/09 10:39:41.334528 [INFO] Started S3 deployment log upload to s3://elasticbeanstalk-ap-south-1-821279529027/resources/environments/logs/deployments/e-2ta8uv25be/eb-deployment-b3a69d08-1087-42a9-9fab-6c6ee7c7b624.log
2026/06/09 10:39:41.334652 [INFO] Engine command: (app-deploy)

2026/06/09 10:39:41.334657 [INFO] Downloading EB Application...
2026/06/09 10:39:41.334659 [INFO] Region: ap-south-1
2026/06/09 10:39:41.334662 [INFO] envID: e-2ta8uv25be
2026/06/09 10:39:41.334666 [INFO] envBucket: elasticbeanstalk-ap-south-1-821279529027
2026/06/09 10:39:41.334668 [INFO] accountID: 821279529027
2026/06/09 10:39:41.334670 [INFO] Using manifest file name from command request
2026/06/09 10:39:41.334679 [INFO] Manifest name is : manifest_1781001559691
2026/06/09 10:39:41.334681 [INFO] Download app version manifest
2026/06/09 10:39:41.334861 [INFO] Downloading: bucket: elasticbeanstalk-ap-south-1-821279529027, object: resources/environments/e-2ta8uv25be/_runtime/versions/manifest_1781001559691, expected bucket owner: 821279529027
2026/06/09 10:39:41.366051 [INFO] Download successful120bytes downloaded
2026/06/09 10:39:41.366218 [INFO] Trying to read and parse version manifest...
2026/06/09 10:39:41.367668 [INFO] Downloading: bucket: elasticbeanstalk-ap-south-1-821279529027, object: resources/environments/e-2ta8uv25be/_runtime/_versions/onebharat-foreigntent/app-1d4a-260609_160858002594, expected bucket owner: 821279529027
2026/06/09 10:39:41.911958 [INFO] Download successful106788957bytes downloaded
2026/06/09 10:39:41.912252 [INFO] Executing instruction: ElectLeader
2026/06/09 10:39:41.912257 [INFO] Running leader election for instance i-09769252ad78ece22...
2026/06/09 10:39:41.912260 [INFO] Calling the cfn-elect-cmd-leader to elect the command leader.
2026/06/09 10:39:41.912278 [INFO] Running command: /opt/aws/bin/cfn-elect-cmd-leader --stack arn:aws:cloudformation:ap-south-1:821279529027:stack/awseb-e-2ta8uv25be-stack/dff6c660-5b27-11f1-a391-0a7fe37dc01b --command-name ElasticBeanstalkCommand-AWSEBAutoScalingGroup --invocation-id 818909f1-04ed-4594-8a9a-d816b06ec66e --listener-id i-09769252ad78ece22 --region ap-south-1
2026/06/09 10:39:42.198102 [INFO] Instance is Leader.
2026/06/09 10:39:42.198157 [INFO] Executing instruction: stopSqsd
2026/06/09 10:39:42.198234 [INFO] This is a web server environment instance, skip stop sqsd daemon ...
2026/06/09 10:39:42.198240 [INFO] Executing instruction: PreBuildEbExtension
2026/06/09 10:39:42.198291 [INFO] Starting executing the config set Infra-EmbeddedPreBuild.
2026/06/09 10:39:42.198306 [INFO] Running command: /opt/aws/bin/cfn-init -s arn:aws:cloudformation:ap-south-1:821279529027:stack/awseb-e-2ta8uv25be-stack/dff6c660-5b27-11f1-a391-0a7fe37dc01b -r AWSEBAutoScalingGroup --region ap-south-1 --configsets Infra-EmbeddedPreBuild
2026/06/09 10:39:42.464151 [INFO] Finished executing the config set Infra-EmbeddedPreBuild.

2026/06/09 10:39:42.464238 [INFO] Executing instruction: StageApplication
2026/06/09 10:39:42.464241 [INFO] Recreating /var/app/staging/
2026/06/09 10:39:42.464334 [INFO] extracting /opt/elasticbeanstalk/deployment/app_source_bundle to /var/app/staging/
2026/06/09 10:39:42.464347 [INFO] Running command: /usr/bin/unzip -q -o /opt/elasticbeanstalk/deployment/app_source_bundle -d /var/app/staging/
2026/06/09 10:39:43.505677 [INFO] finished extracting /opt/elasticbeanstalk/deployment/app_source_bundle to /var/app/staging/ successfully
2026/06/09 10:39:43.506596 [INFO] Executing instruction: RunAppDeployPreBuildHooks
2026/06/09 10:39:43.506607 [WARN] skipping hooks scripts under /opt/elasticbeanstalk/hooks/
2026/06/09 10:39:43.506616 [INFO] No hooks found in .platform/hooks/prebuild/, skipping
2026/06/09 10:39:43.506619 [INFO] Executing instruction: Golang Specific Build Application
2026/06/09 10:39:43.506622 [INFO] checking Buildfile...
2026/06/09 10:39:43.506629 [INFO] no Buildfile found, checking application.go file
2026/06/09 10:39:43.506635 [INFO] no application.go file
2026/06/09 10:39:43.506637 [INFO] Executing instruction: Check Procfile For Golang Application
2026/06/09 10:39:43.506659 [INFO] detected Procfile in application source bundle ...
2026/06/09 10:39:43.506669 [INFO] Executing instruction: configure X-Ray
2026/06/09 10:39:43.506678 [INFO] X-Ray is not enabled.
2026/06/09 10:39:43.506681 [INFO] Executing instruction: configure proxy server
2026/06/09 10:39:43.506689 [INFO] Recreating /var/proxy/staging/nginx
2026/06/09 10:39:43.519620 [INFO] Executing instruction: configure healthd specific proxy conf
2026/06/09 10:39:43.522662 [INFO] Running command: systemctl show -p PartOf healthd.service
2026/06/09 10:39:43.534743 [WARN] Warning: process healthd is already registered...
Deregistering the process ...
2026/06/09 10:39:43.534778 [INFO] Running command: systemctl show -p PartOf healthd.service
2026/06/09 10:39:43.544155 [INFO] Running command: systemctl is-active healthd.service
2026/06/09 10:39:43.552370 [INFO] Running command: systemctl show -p PartOf healthd.service
2026/06/09 10:39:43.562212 [INFO] Running command: systemctl stop healthd.service
2026/06/09 10:39:43.661180 [INFO] Running command: systemctl disable healthd.service
2026/06/09 10:39:43.951207 [INFO] Removed "/etc/systemd/system/multi-user.target.wants/healthd.service".

2026/06/09 10:39:43.951443 [INFO] Running command: systemctl daemon-reload
2026/06/09 10:39:44.199634 [INFO] Running command: systemctl reset-failed
2026/06/09 10:39:44.211395 [INFO] Running command: systemctl daemon-reload
2026/06/09 10:39:44.486954 [INFO] Running command: systemctl reset-failed
2026/06/09 10:39:44.495283 [INFO] Running command: systemctl is-enabled aws-eb.target
2026/06/09 10:39:44.503101 [INFO] Running command: systemctl enable aws-eb.target
2026/06/09 10:39:44.777301 [INFO] Running command: systemctl start aws-eb.target
2026/06/09 10:39:44.786334 [INFO] Running command: systemctl enable healthd.service
2026/06/09 10:39:45.070112 [INFO] Created symlink /etc/systemd/system/multi-user.target.wants/healthd.service → /etc/systemd/system/healthd.service.

2026/06/09 10:39:45.070162 [INFO] Running command: systemctl show -p PartOf healthd.service
2026/06/09 10:39:45.081873 [INFO] Running command: systemctl is-active healthd.service
2026/06/09 10:39:45.090311 [INFO] Running command: systemctl start healthd.service
2026/06/09 10:39:45.181883 [INFO] Copying file /opt/elasticbeanstalk/config/private/healthd/healthd_logformat.conf to /var/proxy/staging/nginx/conf.d/healthd_logformat.conf
2026/06/09 10:39:45.183285 [INFO] Copying file /opt/elasticbeanstalk/config/private/healthd/healthd_nginx.conf to /var/proxy/staging/nginx/conf.d/elasticbeanstalk/healthd.conf
2026/06/09 10:39:45.184645 [INFO] Executing instruction: configure log streaming
2026/06/09 10:39:45.184659 [INFO] log streaming is not enabled
2026/06/09 10:39:45.184662 [INFO] disable log stream
2026/06/09 10:39:45.184675 [INFO] Running command: systemctl show -p PartOf amazon-cloudwatch-agent.service
2026/06/09 10:39:45.204283 [INFO] Running command: systemctl stop amazon-cloudwatch-agent.service
2026/06/09 10:39:45.222917 [INFO] Executing instruction: GetToggleForceRotate
2026/06/09 10:39:45.222942 [INFO] Checking if logs need forced rotation
2026/06/09 10:39:45.222957 [INFO] Running command: /opt/aws/bin/cfn-get-metadata -s arn:aws:cloudformation:ap-south-1:821279529027:stack/awseb-e-2ta8uv25be-stack/dff6c660-5b27-11f1-a391-0a7fe37dc01b -r AWSEBAutoScalingGroup --region ap-south-1
2026/06/09 10:39:45.565757 [INFO] Running command: /opt/aws/bin/cfn-get-metadata -s arn:aws:cloudformation:ap-south-1:821279529027:stack/awseb-e-2ta8uv25be-stack/dff6c660-5b27-11f1-a391-0a7fe37dc01b -r AWSEBBeanstalkMetadata --region ap-south-1
2026/06/09 10:39:45.899157 [INFO] Generating rsyslog config from Procfile
2026/06/09 10:39:45.901578 [INFO] Running command: systemctl restart rsyslog.service
2026/06/09 10:39:46.266002 [INFO] Executing instruction: PostBuildEbExtension
2026/06/09 10:39:46.266177 [INFO] Starting executing the config set Infra-EmbeddedPostBuild.
2026/06/09 10:39:46.266192 [INFO] Running command: /opt/aws/bin/cfn-init -s arn:aws:cloudformation:ap-south-1:821279529027:stack/awseb-e-2ta8uv25be-stack/dff6c660-5b27-11f1-a391-0a7fe37dc01b -r AWSEBAutoScalingGroup --region ap-south-1 --configsets Infra-EmbeddedPostBuild
2026/06/09 10:39:46.523209 [INFO] Finished executing the config set Infra-EmbeddedPostBuild.

2026/06/09 10:39:46.523284 [INFO] Executing instruction: CleanEbExtensions
2026/06/09 10:39:46.523371 [INFO] Cleaned ebextensions subdirectories from app staging directory.
2026/06/09 10:39:46.523375 [INFO] Executing instruction: RunAppDeployPreDeployHooks
2026/06/09 10:39:46.523383 [INFO] No hooks found in .platform/hooks/predeploy/, skipping
2026/06/09 10:39:46.523387 [INFO] Executing instruction: stop X-Ray
2026/06/09 10:39:46.523390 [INFO] stop X-Ray ...
2026/06/09 10:39:46.523402 [INFO] Running command: systemctl show -p PartOf xray.service
2026/06/09 10:39:46.537596 [WARN] stopProcess Warning: process xray is not registered 
2026/06/09 10:39:46.537629 [INFO] Running command: systemctl stop xray.service
2026/06/09 10:39:46.552296 [INFO] Executing instruction: stop proxy
2026/06/09 10:39:46.552329 [INFO] Running command: systemctl show -p PartOf httpd.service
2026/06/09 10:39:46.562174 [WARN] deregisterProcess Warning: process httpd is not registered, skipping...

2026/06/09 10:39:46.562207 [INFO] Running command: systemctl show -p PartOf nginx.service
2026/06/09 10:39:46.575389 [WARN] deregisterProcess Warning: process nginx is not registered, skipping...

2026/06/09 10:39:46.575416 [INFO] Executing instruction: FlipApplication
2026/06/09 10:39:46.575421 [INFO] fetching environment variables...
2026/06/09 10:39:46.575450 [INFO] found go.mod file
2026/06/09 10:39:46.575678 [INFO] Purge old process...
2026/06/09 10:39:46.575697 [INFO] Running command: systemctl stop eb-app.target
2026/06/09 10:39:46.585007 [INFO] Running command: systemctl show -p ConsistsOf eb-app.target | cut -d= -f2
2026/06/09 10:39:46.595496 [INFO] web.service

2026/06/09 10:39:46.595521 [INFO] deregistering process: web
2026/06/09 10:39:46.595533 [INFO] Running command: systemctl show -p PartOf web.service
2026/06/09 10:39:46.605592 [INFO] Running command: systemctl is-active web.service
2026/06/09 10:39:46.613316 [INFO] Running command: systemctl disable web.service
2026/06/09 10:39:46.892886 [INFO] Removed "/etc/systemd/system/multi-user.target.wants/web.service".

2026/06/09 10:39:46.892989 [INFO] Running command: systemctl daemon-reload
2026/06/09 10:39:47.140021 [INFO] Running command: systemctl reset-failed
2026/06/09 10:39:47.148506 [INFO] Running command: systemctl is-active web.service
2026/06/09 10:39:47.155935 [INFO] Process web has been fully terminated
2026/06/09 10:39:47.155960 [INFO] All processes have been fully terminated
2026/06/09 10:39:47.155964 [INFO] Removing /var/app/current/ if it exists
2026/06/09 10:39:47.159493 [INFO] Renaming /var/app/staging/ to /var/app/current/
2026/06/09 10:39:47.159595 [INFO] Register application processes...
2026/06/09 10:39:47.159600 [INFO] Registering the proc: web

2026/06/09 10:39:47.159609 [INFO] Running command: systemctl show -p PartOf web.service
2026/06/09 10:39:47.171716 [INFO] Running command: systemctl daemon-reload
2026/06/09 10:39:47.419401 [INFO] Running command: systemctl reset-failed
2026/06/09 10:39:47.427529 [INFO] Running command: systemctl is-enabled eb-app.target
2026/06/09 10:39:47.435396 [INFO] Running command: systemctl enable eb-app.target
2026/06/09 10:39:47.679251 [INFO] Running command: systemctl start eb-app.target
2026/06/09 10:39:47.688643 [INFO] Running command: systemctl enable web.service
2026/06/09 10:39:47.937469 [INFO] Created symlink /etc/systemd/system/multi-user.target.wants/web.service → /etc/systemd/system/web.service.

2026/06/09 10:39:47.937503 [INFO] Running command: systemctl show -p PartOf web.service
2026/06/09 10:39:47.948666 [INFO] Running command: systemctl is-active web.service
2026/06/09 10:39:47.956096 [INFO] Running command: systemctl start web.service
2026/06/09 10:39:48.061565 [INFO] Job for web.service failed because the control process exited with error code.
See "systemctl status web.service" and "journalctl -xeu web.service" for details.

2026/06/09 10:39:48.061618 [ERROR] An error occurred during execution of command [app-deploy] - [FlipApplication]. Stop running the command. Error: Register application failed because the registration of proc web failed: 
startProcess Failure: starting process "web" failed: Command systemctl start web.service failed with error exit status 1. Stderr:Job for web.service failed because the control process exited with error code.
See "systemctl status web.service" and "journalctl -xeu web.service" for details.
 
 

2026/06/09 10:39:48.061628 [INFO] Executing cleanup logic
2026/06/09 10:39:48.061749 [INFO] CommandService Response: {"status":"FAILURE","api_version":"1.0","results":[{"status":"FAILURE","msg":"Engine execution has encountered an error.","returncode":1,"events":[{"msg":"Instance deployment used the commands in your 'Procfile' to initiate startup of your application.","timestamp":1781001583506,"severity":"INFO"},{"msg":"Instance deployment found and used the 'go.mod' file in your source bundle.","timestamp":1781001586575,"severity":"INFO"},{"msg":"Instance deployment failed. For details, see 'eb-engine.log'.","timestamp":1781001588061,"severity":"ERROR"}]}]}

2026/06/09 10:39:48.085621 [INFO] Platform Engine finished execution on command: app-deploy

2026/06/09 10:41:44.065281 [INFO] Starting...
2026/06/09 10:41:44.065331 [INFO] Starting EBPlatform-PlatformEngine
2026/06/09 10:41:44.065357 [INFO] reading event message file
2026/06/09 10:41:44.065723 [INFO] Engine received EB command cfn-hup-exec

2026/06/09 10:41:44.133460 [INFO] Running command: /opt/aws/bin/cfn-get-metadata -s arn:aws:cloudformation:ap-south-1:821279529027:stack/awseb-e-2ta8uv25be-stack/dff6c660-5b27-11f1-a391-0a7fe37dc01b -r AWSEBAutoScalingGroup --region ap-south-1
2026/06/09 10:41:44.372199 [INFO] Running command: /opt/aws/bin/cfn-get-metadata -s arn:aws:cloudformation:ap-south-1:821279529027:stack/awseb-e-2ta8uv25be-stack/dff6c660-5b27-11f1-a391-0a7fe37dc01b -r AWSEBBeanstalkMetadata --region ap-south-1
2026/06/09 10:41:44.600045 [INFO] checking whether command app-deploy is applicable to this instance...
2026/06/09 10:41:44.600061 [INFO] this command is applicable to the instance, thus instance should execute command
2026/06/09 10:41:44.600068 [INFO] Setting up deployment log with request ID: 782b29cb-2b4d-4b98-97e6-afb57ba85fb4
2026/06/09 10:41:44.642940 [INFO] Started S3 deployment log upload to s3://elasticbeanstalk-ap-south-1-821279529027/resources/environments/logs/deployments/e-2ta8uv25be/eb-deployment-782b29cb-2b4d-4b98-97e6-afb57ba85fb4.log
2026/06/09 10:41:44.643066 [INFO] Engine command: (app-deploy)

2026/06/09 10:41:44.643071 [INFO] Downloading EB Application...
2026/06/09 10:41:44.643075 [INFO] Region: ap-south-1
2026/06/09 10:41:44.643078 [INFO] envID: e-2ta8uv25be
2026/06/09 10:41:44.643080 [INFO] envBucket: elasticbeanstalk-ap-south-1-821279529027
2026/06/09 10:41:44.643083 [INFO] accountID: 821279529027
2026/06/09 10:41:44.643085 [INFO] Using manifest file name from command request
2026/06/09 10:41:44.643094 [INFO] Manifest name is : manifest_1781001682472
2026/06/09 10:41:44.643096 [INFO] Download app version manifest
2026/06/09 10:41:44.643303 [INFO] Downloading: bucket: elasticbeanstalk-ap-south-1-821279529027, object: resources/environments/e-2ta8uv25be/_runtime/versions/manifest_1781001682472, expected bucket owner: 821279529027
2026/06/09 10:41:44.674320 [INFO] Download successful120bytes downloaded
2026/06/09 10:41:44.674457 [INFO] Trying to read and parse version manifest...
2026/06/09 10:41:44.683215 [INFO] Downloading: bucket: elasticbeanstalk-ap-south-1-821279529027, object: resources/environments/e-2ta8uv25be/_runtime/_versions/onebharat-foreigntent/app-824e-260609_161103898528, expected bucket owner: 821279529027
2026/06/09 10:41:45.145540 [INFO] Download successful88020402bytes downloaded
2026/06/09 10:41:45.145825 [INFO] Executing instruction: ElectLeader
2026/06/09 10:41:45.145829 [INFO] Running leader election for instance i-09769252ad78ece22...
2026/06/09 10:41:45.145832 [INFO] Calling the cfn-elect-cmd-leader to elect the command leader.
2026/06/09 10:41:45.145846 [INFO] Running command: /opt/aws/bin/cfn-elect-cmd-leader --stack arn:aws:cloudformation:ap-south-1:821279529027:stack/awseb-e-2ta8uv25be-stack/dff6c660-5b27-11f1-a391-0a7fe37dc01b --command-name ElasticBeanstalkCommand-AWSEBAutoScalingGroup --invocation-id bfb671ac-6afc-4c19-a79d-a144a4ce647e --listener-id i-09769252ad78ece22 --region ap-south-1
2026/06/09 10:41:45.376034 [INFO] Instance is Leader.
2026/06/09 10:41:45.376089 [INFO] Executing instruction: stopSqsd
2026/06/09 10:41:45.376094 [INFO] This is a web server environment instance, skip stop sqsd daemon ...
2026/06/09 10:41:45.376097 [INFO] Executing instruction: PreBuildEbExtension
2026/06/09 10:41:45.376145 [INFO] Starting executing the config set Infra-EmbeddedPreBuild.
2026/06/09 10:41:45.376162 [INFO] Running command: /opt/aws/bin/cfn-init -s arn:aws:cloudformation:ap-south-1:821279529027:stack/awseb-e-2ta8uv25be-stack/dff6c660-5b27-11f1-a391-0a7fe37dc01b -r AWSEBAutoScalingGroup --region ap-south-1 --configsets Infra-EmbeddedPreBuild
2026/06/09 10:41:45.624339 [INFO] Finished executing the config set Infra-EmbeddedPreBuild.

2026/06/09 10:41:45.624425 [INFO] Executing instruction: StageApplication
2026/06/09 10:41:45.624429 [INFO] Recreating /var/app/staging/
2026/06/09 10:41:45.624577 [INFO] extracting /opt/elasticbeanstalk/deployment/app_source_bundle to /var/app/staging/
2026/06/09 10:41:45.624591 [INFO] Running command: /usr/bin/unzip -q -o /opt/elasticbeanstalk/deployment/app_source_bundle -d /var/app/staging/
2026/06/09 10:41:46.361989 [INFO] finished extracting /opt/elasticbeanstalk/deployment/app_source_bundle to /var/app/staging/ successfully
2026/06/09 10:41:46.362891 [INFO] Executing instruction: RunAppDeployPreBuildHooks
2026/06/09 10:41:46.362904 [WARN] skipping hooks scripts under /opt/elasticbeanstalk/hooks/
2026/06/09 10:41:46.362916 [INFO] No hooks found in .platform/hooks/prebuild/, skipping
2026/06/09 10:41:46.362919 [INFO] Executing instruction: Golang Specific Build Application
2026/06/09 10:41:46.362922 [INFO] checking Buildfile...
2026/06/09 10:41:46.362929 [INFO] no Buildfile found, checking application.go file
2026/06/09 10:41:46.362934 [INFO] no application.go file
2026/06/09 10:41:46.362937 [INFO] Executing instruction: Check Procfile For Golang Application
2026/06/09 10:41:46.362959 [INFO] detected Procfile in application source bundle ...
2026/06/09 10:41:46.362971 [INFO] Executing instruction: configure X-Ray
2026/06/09 10:41:46.362976 [INFO] X-Ray is not enabled.
2026/06/09 10:41:46.362979 [INFO] Executing instruction: configure proxy server
2026/06/09 10:41:46.362991 [INFO] Recreating /var/proxy/staging/nginx
2026/06/09 10:41:46.375567 [INFO] Executing instruction: configure healthd specific proxy conf
2026/06/09 10:41:46.378422 [INFO] Running command: systemctl show -p PartOf healthd.service
2026/06/09 10:41:46.427865 [WARN] Warning: process healthd is already registered...
Deregistering the process ...
2026/06/09 10:41:46.427900 [INFO] Running command: systemctl show -p PartOf healthd.service
2026/06/09 10:41:46.443042 [INFO] Running command: systemctl is-active healthd.service
2026/06/09 10:41:46.454651 [INFO] Running command: systemctl show -p PartOf healthd.service
2026/06/09 10:41:46.468650 [INFO] Running command: systemctl stop healthd.service
2026/06/09 10:41:46.601244 [INFO] Running command: systemctl disable healthd.service
2026/06/09 10:41:46.889664 [INFO] Removed "/etc/systemd/system/multi-user.target.wants/healthd.service".

2026/06/09 10:41:46.889874 [INFO] Running command: systemctl daemon-reload
2026/06/09 10:41:47.162574 [INFO] Running command: systemctl reset-failed
2026/06/09 10:41:47.174178 [INFO] Running command: systemctl daemon-reload
2026/06/09 10:41:47.402060 [INFO] Running command: systemctl reset-failed
2026/06/09 10:41:47.410652 [INFO] Running command: systemctl is-enabled aws-eb.target
2026/06/09 10:41:47.419320 [INFO] Running command: systemctl enable aws-eb.target
2026/06/09 10:41:47.654554 [INFO] Running command: systemctl start aws-eb.target
2026/06/09 10:41:47.663085 [INFO] Running command: systemctl enable healthd.service
2026/06/09 10:41:47.894223 [INFO] Created symlink /etc/systemd/system/multi-user.target.wants/healthd.service → /etc/systemd/system/healthd.service.

2026/06/09 10:41:47.894255 [INFO] Running command: systemctl show -p PartOf healthd.service
2026/06/09 10:41:47.905162 [INFO] Running command: systemctl is-active healthd.service
2026/06/09 10:41:47.913064 [INFO] Running command: systemctl start healthd.service
2026/06/09 10:41:47.996681 [INFO] Copying file /opt/elasticbeanstalk/config/private/healthd/healthd_logformat.conf to /var/proxy/staging/nginx/conf.d/healthd_logformat.conf
2026/06/09 10:41:47.998088 [INFO] Copying file /opt/elasticbeanstalk/config/private/healthd/healthd_nginx.conf to /var/proxy/staging/nginx/conf.d/elasticbeanstalk/healthd.conf
2026/06/09 10:41:47.999392 [INFO] Executing instruction: configure log streaming
2026/06/09 10:41:47.999408 [INFO] log streaming is not enabled
2026/06/09 10:41:47.999412 [INFO] disable log stream
2026/06/09 10:41:47.999425 [INFO] Running command: systemctl show -p PartOf amazon-cloudwatch-agent.service
2026/06/09 10:41:48.018841 [INFO] Running command: systemctl stop amazon-cloudwatch-agent.service
2026/06/09 10:41:48.037940 [INFO] Executing instruction: GetToggleForceRotate
2026/06/09 10:41:48.037966 [INFO] Checking if logs need forced rotation
2026/06/09 10:41:48.037984 [INFO] Running command: /opt/aws/bin/cfn-get-metadata -s arn:aws:cloudformation:ap-south-1:821279529027:stack/awseb-e-2ta8uv25be-stack/dff6c660-5b27-11f1-a391-0a7fe37dc01b -r AWSEBAutoScalingGroup --region ap-south-1
2026/06/09 10:41:48.374466 [INFO] Running command: /opt/aws/bin/cfn-get-metadata -s arn:aws:cloudformation:ap-south-1:821279529027:stack/awseb-e-2ta8uv25be-stack/dff6c660-5b27-11f1-a391-0a7fe37dc01b -r AWSEBBeanstalkMetadata --region ap-south-1
2026/06/09 10:41:48.714366 [INFO] Generating rsyslog config from Procfile
2026/06/09 10:41:48.716796 [INFO] Running command: systemctl restart rsyslog.service
2026/06/09 10:41:49.297532 [INFO] Executing instruction: PostBuildEbExtension
2026/06/09 10:41:49.297617 [INFO] Starting executing the config set Infra-EmbeddedPostBuild.
2026/06/09 10:41:49.297633 [INFO] Running command: /opt/aws/bin/cfn-init -s arn:aws:cloudformation:ap-south-1:821279529027:stack/awseb-e-2ta8uv25be-stack/dff6c660-5b27-11f1-a391-0a7fe37dc01b -r AWSEBAutoScalingGroup --region ap-south-1 --configsets Infra-EmbeddedPostBuild
2026/06/09 10:41:49.551116 [INFO] Finished executing the config set Infra-EmbeddedPostBuild.

2026/06/09 10:41:49.551210 [INFO] Executing instruction: CleanEbExtensions
2026/06/09 10:41:49.551321 [INFO] Cleaned ebextensions subdirectories from app staging directory.
2026/06/09 10:41:49.551326 [INFO] Executing instruction: RunAppDeployPreDeployHooks
2026/06/09 10:41:49.551334 [INFO] No hooks found in .platform/hooks/predeploy/, skipping
2026/06/09 10:41:49.551337 [INFO] Executing instruction: stop X-Ray
2026/06/09 10:41:49.551340 [INFO] stop X-Ray ...
2026/06/09 10:41:49.551352 [INFO] Running command: systemctl show -p PartOf xray.service
2026/06/09 10:41:49.565489 [WARN] stopProcess Warning: process xray is not registered 
2026/06/09 10:41:49.565552 [INFO] Running command: systemctl stop xray.service
2026/06/09 10:41:49.580257 [INFO] Executing instruction: stop proxy
2026/06/09 10:41:49.580299 [INFO] Running command: systemctl show -p PartOf httpd.service
2026/06/09 10:41:49.590198 [WARN] deregisterProcess Warning: process httpd is not registered, skipping...

2026/06/09 10:41:49.590231 [INFO] Running command: systemctl show -p PartOf nginx.service
2026/06/09 10:41:49.603117 [WARN] deregisterProcess Warning: process nginx is not registered, skipping...

2026/06/09 10:41:49.603144 [INFO] Executing instruction: FlipApplication
2026/06/09 10:41:49.603149 [INFO] fetching environment variables...
2026/06/09 10:41:49.603184 [INFO] found go.mod file
2026/06/09 10:41:49.603423 [INFO] Purge old process...
2026/06/09 10:41:49.603443 [INFO] Running command: systemctl stop eb-app.target
2026/06/09 10:41:49.612208 [INFO] Running command: systemctl show -p ConsistsOf eb-app.target | cut -d= -f2
2026/06/09 10:41:49.622933 [INFO] web.service

2026/06/09 10:41:49.622956 [INFO] deregistering process: web
2026/06/09 10:41:49.622966 [INFO] Running command: systemctl show -p PartOf web.service
2026/06/09 10:41:49.632954 [INFO] Running command: systemctl is-active web.service
2026/06/09 10:41:49.640232 [INFO] Running command: systemctl disable web.service
2026/06/09 10:41:49.895963 [INFO] Removed "/etc/systemd/system/multi-user.target.wants/web.service".

2026/06/09 10:41:49.896042 [INFO] Running command: systemctl daemon-reload
2026/06/09 10:41:50.134882 [INFO] Running command: systemctl reset-failed
2026/06/09 10:41:50.143574 [INFO] Running command: systemctl is-active web.service
2026/06/09 10:41:50.151387 [INFO] Process web has been fully terminated
2026/06/09 10:41:50.151411 [INFO] All processes have been fully terminated
2026/06/09 10:41:50.151416 [INFO] Removing /var/app/current/ if it exists
2026/06/09 10:41:50.162375 [INFO] Renaming /var/app/staging/ to /var/app/current/
2026/06/09 10:41:50.162427 [INFO] Register application processes...
2026/06/09 10:41:50.162432 [INFO] Registering the proc: web

2026/06/09 10:41:50.162441 [INFO] Running command: systemctl show -p PartOf web.service
2026/06/09 10:41:50.175632 [INFO] Running command: systemctl daemon-reload
2026/06/09 10:41:50.419256 [INFO] Running command: systemctl reset-failed
2026/06/09 10:41:50.427389 [INFO] Running command: systemctl is-enabled eb-app.target
2026/06/09 10:41:50.435857 [INFO] Running command: systemctl enable eb-app.target
2026/06/09 10:41:50.707517 [INFO] Running command: systemctl start eb-app.target
2026/06/09 10:41:50.717155 [INFO] Running command: systemctl enable web.service
2026/06/09 10:41:50.956767 [INFO] Created symlink /etc/systemd/system/multi-user.target.wants/web.service → /etc/systemd/system/web.service.

2026/06/09 10:41:50.956795 [INFO] Running command: systemctl show -p PartOf web.service
2026/06/09 10:41:50.967983 [INFO] Running command: systemctl is-active web.service
2026/06/09 10:41:50.975601 [INFO] Running command: systemctl start web.service
2026/06/09 10:41:51.081224 [INFO] Job for web.service failed because the control process exited with error code.
See "systemctl status web.service" and "journalctl -xeu web.service" for details.

2026/06/09 10:41:51.081267 [ERROR] An error occurred during execution of command [app-deploy] - [FlipApplication]. Stop running the command. Error: Register application failed because the registration of proc web failed: 
startProcess Failure: starting process "web" failed: Command systemctl start web.service failed with error exit status 1. Stderr:Job for web.service failed because the control process exited with error code.
See "systemctl status web.service" and "journalctl -xeu web.service" for details.
 
 

2026/06/09 10:41:51.081271 [INFO] Executing cleanup logic
2026/06/09 10:41:51.081367 [INFO] CommandService Response: {"status":"FAILURE","api_version":"1.0","results":[{"status":"FAILURE","msg":"Engine execution has encountered an error.","returncode":1,"events":[{"msg":"Instance deployment used the commands in your 'Procfile' to initiate startup of your application.","timestamp":1781001706362,"severity":"INFO"},{"msg":"Instance deployment found and used the 'go.mod' file in your source bundle.","timestamp":1781001709603,"severity":"INFO"},{"msg":"Instance deployment failed. For details, see 'eb-engine.log'.","timestamp":1781001711081,"severity":"ERROR"}]}]}

2026/06/09 10:41:51.105110 [INFO] Platform Engine finished execution on command: app-deploy

2026/06/09 10:42:15.501644 [INFO] Starting...
2026/06/09 10:42:15.501692 [INFO] Starting EBPlatform-PlatformEngine
2026/06/09 10:42:15.501717 [INFO] reading event message file
2026/06/09 10:42:15.502085 [INFO] Engine received EB command cfn-hup-exec

2026/06/09 10:42:15.574717 [INFO] Running command: /opt/aws/bin/cfn-get-metadata -s arn:aws:cloudformation:ap-south-1:821279529027:stack/awseb-e-2ta8uv25be-stack/dff6c660-5b27-11f1-a391-0a7fe37dc01b -r AWSEBAutoScalingGroup --region ap-south-1
2026/06/09 10:42:15.809900 [INFO] Running command: /opt/aws/bin/cfn-get-metadata -s arn:aws:cloudformation:ap-south-1:821279529027:stack/awseb-e-2ta8uv25be-stack/dff6c660-5b27-11f1-a391-0a7fe37dc01b -r AWSEBBeanstalkMetadata --region ap-south-1
2026/06/09 10:42:16.047791 [INFO] checking whether command tail-log is applicable to this instance...
2026/06/09 10:42:16.047804 [INFO] this command is applicable to the instance, thus instance should execute command
2026/06/09 10:42:16.047808 [INFO] Engine command: (tail-log)

2026/06/09 10:42:16.047859 [INFO] Executing instruction: GetTailLogs
2026/06/09 10:42:16.047862 [INFO] Tail Logs...
2026/06/09 10:42:16.048324 [INFO] Running command: tail -n 100 /var/log/web.stdout.log
2026/06/09 10:42:16.050701 [INFO] Running command: tail -n 100 /var/log/eb-engine.log
2026/06/09 10:42:16.052653 [INFO] Running command: tail -n 100 /var/log/nginx/access.log
2026/06/09 10:42:16.054361 [INFO] Running command: tail -n 100 /var/log/nginx/error.log
2026/06/09 10:42:16.103576 [INFO] Executing cleanup logic
2026/06/09 10:42:16.103673 [INFO] CommandService Response: {"status":"SUCCESS","api_version":"1.0","results":[{"status":"SUCCESS","msg":"Engine execution has succeeded.","returncode":0,"events":[{"msg":"Instance deployment completed successfully.","timestamp":1781001736103,"severity":"INFO"}]}]}

2026/06/09 10:42:16.103690 [INFO] Platform Engine finished execution on command: tail-log

2026/06/09 10:42:47.068196 [INFO] Starting...
2026/06/09 10:42:47.068247 [INFO] Starting EBPlatform-PlatformEngine
2026/06/09 10:42:47.068271 [INFO] reading event message file
2026/06/09 10:42:47.068745 [INFO] Engine received EB command cfn-hup-exec

2026/06/09 10:42:47.131630 [INFO] Running command: /opt/aws/bin/cfn-get-metadata -s arn:aws:cloudformation:ap-south-1:821279529027:stack/awseb-e-2ta8uv25be-stack/dff6c660-5b27-11f1-a391-0a7fe37dc01b -r AWSEBAutoScalingGroup --region ap-south-1
2026/06/09 10:42:47.359001 [INFO] Running command: /opt/aws/bin/cfn-get-metadata -s arn:aws:cloudformation:ap-south-1:821279529027:stack/awseb-e-2ta8uv25be-stack/dff6c660-5b27-11f1-a391-0a7fe37dc01b -r AWSEBBeanstalkMetadata --region ap-south-1
2026/06/09 10:42:47.584783 [INFO] checking whether command bundle-log is applicable to this instance...
2026/06/09 10:42:47.584799 [INFO] this command is applicable to the instance, thus instance should execute command
2026/06/09 10:42:47.584805 [INFO] Engine command: (bundle-log)

2026/06/09 10:42:47.584856 [INFO] Executing instruction: GetBundleLogs
2026/06/09 10:42:47.584859 [INFO] Bundle Logs...
