2026-06-09 11:12:18,862 [DEBUG] CloudFormation client initialized with endpoint https://cloudformation.ap-south-1.amazonaws.com
2026-06-09 11:12:18,862 [DEBUG] SQS client initialized with endpoint https://sqs.ap-south-1.amazonaws.com
2026-06-09 11:12:18,863 [DEBUG] CloudFormation client initialized with endpoint https://cloudformation.ap-south-1.amazonaws.com
2026-06-09 11:12:18,863 [DEBUG] Enabled single threading mode.
2026-06-09 11:12:18,863 [DEBUG] Creating /var/lib/cfn-hup/data
2026-06-09 11:12:18,874 [INFO] No umask value specified in config file. Using the default one: 0o22
2026-06-09 11:12:18,941 [INFO] Pid: 1795
2026-06-09 11:12:20,793 [INFO] Refreshing listener credentials
2026-06-09 11:12:20,882 [INFO] Scheduling next credential refresh in 1799.0 seconds
2026-06-09 11:13:20,886 [WARNING] Timeout of 60 seconds breached
2026-06-09 11:13:20,886 [ERROR] Client-side timeout
Traceback (most recent call last):
  File "/usr/lib/python3.9/site-packages/cfnbootstrap/util.py", line 191, in _retry
    return f(*args, **kwargs)
  File "/usr/lib/python3.9/site-packages/cfnbootstrap/util.py", line 264, in _timeout
    raise TimeoutError(
cfnbootstrap.util.TimeoutError
2026-06-09 11:17:21,899 [INFO] command processing is alive.
2026-06-09 11:22:22,293 [INFO] command processing is alive.
2026-06-09 11:22:54,357 [INFO] Received command ElasticBeanstalkCommand-AWSEBAutoScalingGroup (invocation id: b17a885f-91e6-4f3b-8607-4e77e43bf1cc)
2026-06-09 11:22:54,358 [INFO] Running action for aws-eb-command-handler
2026-06-09 11:22:59,539 [INFO] Action for aws-eb-command-handler succeeded, returning SUCCESS
2026-06-09 11:27:39,986 [INFO] command processing is alive.
2026-06-09 11:32:40,434 [INFO] command processing is alive.
2026-06-09 11:37:40,822 [INFO] command processing is alive.
2026-06-09 11:42:19,883 [INFO] Refreshing listener credentials
2026-06-09 11:42:19,970 [INFO] Scheduling next credential refresh in 1799.0 seconds
2026-06-09 11:42:41,220 [INFO] command processing is alive.
2026-06-09 11:47:41,629 [INFO] command processing is alive.
2026-06-09 11:52:42,029 [INFO] command processing is alive.
2026-06-09 11:57:42,440 [INFO] command processing is alive.
2026-06-09 12:02:42,843 [INFO] command processing is alive.
2026-06-09 12:07:43,235 [INFO] command processing is alive.
2026-06-09 12:12:18,970 [INFO] Refreshing listener credentials
2026-06-09 12:12:19,042 [INFO] Scheduling next credential refresh in 1799.0 seconds
2026-06-09 12:12:43,610 [INFO] command processing is alive.
2026-06-09 12:17:43,995 [INFO] command processing is alive.
2026-06-09 12:22:44,366 [INFO] command processing is alive.
2026-06-09 12:27:44,802 [INFO] command processing is alive.
2026-06-09 12:32:45,195 [INFO] command processing is alive.
2026-06-09 12:37:45,578 [INFO] command processing is alive.
2026-06-09 12:42:18,042 [INFO] Refreshing listener credentials
2026-06-09 12:42:18,126 [INFO] Scheduling next credential refresh in 1799.0 seconds
2026-06-09 12:42:45,976 [INFO] command processing is alive.
2026-06-09 12:47:46,359 [INFO] command processing is alive.
2026-06-09 12:52:46,730 [INFO] command processing is alive.
2026-06-09 12:57:47,115 [INFO] command processing is alive.
2026-06-09 13:02:47,495 [INFO] command processing is alive.
2026-06-09 13:07:47,872 [INFO] command processing is alive.
2026-06-09 13:12:17,127 [INFO] Refreshing listener credentials
2026-06-09 13:12:17,202 [INFO] Scheduling next credential refresh in 1799.0 seconds
2026-06-09 13:12:48,253 [INFO] command processing is alive.
2026-06-09 13:17:48,642 [INFO] command processing is alive.
2026-06-09 13:22:49,033 [INFO] command processing is alive.
2026-06-09 13:27:49,430 [INFO] command processing is alive.
2026-06-09 13:32:49,830 [INFO] command processing is alive.
2026-06-09 13:37:50,243 [INFO] command processing is alive.
2026-06-09 13:42:16,202 [INFO] Refreshing listener credentials
2026-06-09 13:42:16,280 [INFO] Scheduling next credential refresh in 1799.0 seconds
2026-06-09 13:42:50,626 [INFO] command processing is alive.
2026-06-09 13:47:51,015 [INFO] command processing is alive.
2026-06-09 13:52:51,389 [INFO] command processing is alive.
2026-06-09 13:57:51,771 [INFO] command processing is alive.
2026-06-09 14:02:52,157 [INFO] command processing is alive.
2026-06-09 14:07:52,557 [INFO] command processing is alive.
2026-06-09 14:12:15,280 [INFO] Refreshing listener credentials
2026-06-09 14:12:15,350 [INFO] Scheduling next credential refresh in 1799.0 seconds
2026-06-09 14:12:52,930 [INFO] command processing is alive.
2026-06-09 14:17:53,330 [INFO] command processing is alive.
2026-06-09 14:22:53,685 [INFO] command processing is alive.
2026-06-09 14:27:54,059 [INFO] command processing is alive.
2026-06-09 14:32:54,460 [INFO] command processing is alive.
2026-06-09 14:37:54,838 [INFO] command processing is alive.
2026-06-09 14:42:14,351 [INFO] Refreshing listener credentials
2026-06-09 14:42:14,441 [INFO] Scheduling next credential refresh in 1799.0 seconds
2026-06-09 14:42:55,231 [INFO] command processing is alive.
2026-06-09 14:47:55,595 [INFO] command processing is alive.
2026-06-09 14:52:55,974 [INFO] command processing is alive.
2026-06-09 14:57:56,346 [INFO] command processing is alive.
2026-06-09 15:02:56,727 [INFO] command processing is alive.
2026-06-09 15:07:57,106 [INFO] command processing is alive.
2026-06-09 15:12:13,441 [INFO] Refreshing listener credentials
2026-06-09 15:12:13,526 [INFO] Scheduling next credential refresh in 1799.0 seconds
2026-06-09 15:12:57,494 [INFO] command processing is alive.
2026-06-09 15:17:57,889 [INFO] command processing is alive.
2026-06-09 15:22:58,263 [INFO] command processing is alive.
2026-06-09 15:27:58,653 [INFO] command processing is alive.
2026-06-09 15:32:59,022 [INFO] command processing is alive.
2026-06-09 15:37:59,405 [INFO] command processing is alive.
2026-06-09 15:42:12,527 [INFO] Refreshing listener credentials
2026-06-09 15:42:12,604 [INFO] Scheduling next credential refresh in 1799.0 seconds
2026-06-09 15:42:59,775 [INFO] command processing is alive.
2026-06-09 15:48:00,174 [INFO] command processing is alive.
2026-06-09 15:53:00,550 [INFO] command processing is alive.
2026-06-09 15:58:00,922 [INFO] command processing is alive.
2026-06-09 16:03:01,325 [INFO] command processing is alive.
2026-06-09 16:08:01,697 [INFO] command processing is alive.
2026-06-09 16:12:11,605 [INFO] Refreshing listener credentials
2026-06-09 16:12:11,672 [INFO] Scheduling next credential refresh in 1799.0 seconds
2026-06-09 16:13:02,141 [INFO] command processing is alive.
2026-06-09 16:18:02,529 [INFO] command processing is alive.
2026-06-09 16:23:02,886 [INFO] command processing is alive.
2026-06-09 16:28:03,255 [INFO] command processing is alive.
2026-06-09 16:33:03,632 [INFO] command processing is alive.
2026-06-09 16:38:03,978 [INFO] command processing is alive.
2026-06-09 16:42:10,673 [INFO] Refreshing listener credentials
2026-06-09 16:42:10,744 [INFO] Scheduling next credential refresh in 1799.0 seconds
2026-06-09 16:43:04,363 [INFO] command processing is alive.
2026-06-09 16:48:04,742 [INFO] command processing is alive.
2026-06-09 16:53:05,122 [INFO] command processing is alive.
2026-06-09 16:58:05,496 [INFO] command processing is alive.
2026-06-09 17:03:05,878 [INFO] command processing is alive.
2026-06-09 17:08:06,290 [INFO] command processing is alive.
2026-06-09 17:12:09,745 [INFO] Refreshing listener credentials
2026-06-09 17:12:09,816 [INFO] Scheduling next credential refresh in 1799.0 seconds
2026-06-09 17:13:06,660 [INFO] command processing is alive.
2026-06-09 17:18:07,054 [INFO] command processing is alive.
2026-06-09 17:23:07,426 [INFO] command processing is alive.
2026-06-09 17:28:07,812 [INFO] command processing is alive.
2026-06-09 17:33:08,202 [INFO] command processing is alive.
2026-06-09 17:38:08,563 [INFO] command processing is alive.
2026-06-09 17:42:08,816 [INFO] Refreshing listener credentials
2026-06-09 17:42:08,890 [INFO] Scheduling next credential refresh in 1799.0 seconds
2026-06-09 17:43:08,950 [INFO] command processing is alive.
2026-06-09 17:48:09,309 [INFO] command processing is alive.
2026-06-09 17:53:09,699 [INFO] command processing is alive.
2026-06-09 17:58:10,073 [INFO] command processing is alive.
2026-06-09 18:03:10,454 [INFO] command processing is alive.
2026-06-09 18:08:10,850 [INFO] command processing is alive.
2026-06-09 18:12:07,890 [INFO] Refreshing listener credentials
2026-06-09 18:12:07,978 [INFO] Scheduling next credential refresh in 1799.0 seconds
2026-06-09 18:13:11,259 [INFO] command processing is alive.
2026-06-09 18:18:11,607 [INFO] command processing is alive.
2026-06-09 18:23:11,973 [INFO] command processing is alive.
2026-06-09 18:28:12,346 [INFO] command processing is alive.
2026-06-09 18:33:12,718 [INFO] command processing is alive.
2026-06-09 18:38:13,088 [INFO] command processing is alive.
2026-06-09 18:42:06,978 [INFO] Refreshing listener credentials
2026-06-09 18:42:07,052 [INFO] Scheduling next credential refresh in 1799.0 seconds
2026-06-09 18:43:13,459 [INFO] command processing is alive.
2026-06-09 18:48:13,839 [INFO] command processing is alive.
2026-06-09 18:53:14,195 [INFO] command processing is alive.
2026-06-09 18:58:14,577 [INFO] command processing is alive.
2026-06-09 19:03:14,971 [INFO] command processing is alive.
2026-06-09 19:08:15,353 [INFO] command processing is alive.
2026-06-09 19:12:06,053 [INFO] Refreshing listener credentials
2026-06-09 19:12:06,124 [INFO] Scheduling next credential refresh in 1799.0 seconds
2026-06-09 19:13:15,710 [INFO] command processing is alive.
2026-06-09 19:18:16,080 [INFO] command processing is alive.
2026-06-09 19:23:16,420 [INFO] command processing is alive.
2026-06-09 19:28:16,787 [INFO] command processing is alive.
2026-06-09 19:33:17,152 [INFO] command processing is alive.
2026-06-09 19:38:17,511 [INFO] command processing is alive.
2026-06-09 19:42:05,124 [INFO] Refreshing listener credentials
2026-06-09 19:42:05,195 [INFO] Scheduling next credential refresh in 1799.0 seconds
2026-06-09 19:43:17,903 [INFO] command processing is alive.
2026-06-09 19:48:18,270 [INFO] command processing is alive.
2026-06-09 19:53:18,634 [INFO] command processing is alive.
2026-06-09 19:58:18,989 [INFO] command processing is alive.
2026-06-09 20:03:19,354 [INFO] command processing is alive.
2026-06-09 20:08:19,726 [INFO] command processing is alive.
2026-06-09 20:12:04,195 [INFO] Refreshing listener credentials
2026-06-09 20:12:04,270 [INFO] Scheduling next credential refresh in 1799.0 seconds
2026-06-09 20:13:20,122 [INFO] command processing is alive.
2026-06-09 20:18:20,521 [INFO] command processing is alive.
2026-06-09 20:23:20,889 [INFO] command processing is alive.
2026-06-09 20:28:21,263 [INFO] command processing is alive.
2026-06-09 20:33:21,646 [INFO] command processing is alive.
2026-06-09 20:38:22,066 [INFO] command processing is alive.
2026-06-09 20:42:03,270 [INFO] Refreshing listener credentials
2026-06-09 20:42:03,343 [INFO] Scheduling next credential refresh in 1799.0 seconds
2026-06-09 20:43:22,456 [INFO] command processing is alive.
2026-06-09 20:48:22,822 [INFO] command processing is alive.
2026-06-09 20:53:23,182 [INFO] command processing is alive.
2026-06-09 20:58:23,527 [INFO] command processing is alive.
2026-06-09 21:03:23,889 [INFO] command processing is alive.
2026-06-09 21:08:24,282 [INFO] command processing is alive.
2026-06-09 21:12:02,343 [INFO] Refreshing listener credentials
2026-06-09 21:12:02,419 [INFO] Scheduling next credential refresh in 1799.0 seconds
2026-06-09 21:13:24,680 [INFO] command processing is alive.
2026-06-09 21:18:25,038 [INFO] command processing is alive.
2026-06-09 21:23:25,423 [INFO] command processing is alive.
2026-06-09 21:28:25,785 [INFO] command processing is alive.
2026-06-09 21:33:26,164 [INFO] command processing is alive.
2026-06-09 21:38:26,542 [INFO] command processing is alive.
2026-06-09 21:42:01,419 [INFO] Refreshing listener credentials
2026-06-09 21:42:01,508 [INFO] Scheduling next credential refresh in 1799.0 seconds
2026-06-09 21:43:26,917 [INFO] command processing is alive.
2026-06-09 21:48:27,309 [INFO] command processing is alive.
2026-06-09 21:53:27,681 [INFO] command processing is alive.
2026-06-09 21:58:28,033 [INFO] command processing is alive.
2026-06-09 22:03:28,402 [INFO] command processing is alive.
2026-06-09 22:08:28,758 [INFO] command processing is alive.
2026-06-09 22:12:00,509 [INFO] Refreshing listener credentials
2026-06-09 22:12:00,578 [INFO] Scheduling next credential refresh in 1799.0 seconds
2026-06-09 22:13:29,106 [INFO] command processing is alive.
2026-06-09 22:18:29,473 [INFO] command processing is alive.
2026-06-09 22:23:29,859 [INFO] command processing is alive.
2026-06-09 22:28:30,239 [INFO] command processing is alive.
2026-06-09 22:33:30,594 [INFO] command processing is alive.
2026-06-09 22:38:30,970 [INFO] command processing is alive.
2026-06-09 22:41:59,578 [INFO] Refreshing listener credentials
2026-06-09 22:41:59,657 [INFO] Scheduling next credential refresh in 1799.0 seconds
2026-06-09 22:43:31,339 [INFO] command processing is alive.
2026-06-09 22:48:31,702 [INFO] command processing is alive.
2026-06-09 22:53:32,055 [INFO] command processing is alive.
2026-06-09 22:58:32,436 [INFO] command processing is alive.
2026-06-09 23:03:32,801 [INFO] command processing is alive.
2026-06-09 23:08:33,167 [INFO] command processing is alive.
2026-06-09 23:11:58,657 [INFO] Refreshing listener credentials
2026-06-09 23:11:58,722 [INFO] Scheduling next credential refresh in 1799.0 seconds
2026-06-09 23:13:33,528 [INFO] command processing is alive.
2026-06-09 23:18:33,893 [INFO] command processing is alive.
2026-06-09 23:23:34,264 [INFO] command processing is alive.
2026-06-09 23:28:34,631 [INFO] command processing is alive.
2026-06-09 23:33:34,985 [INFO] command processing is alive.
2026-06-09 23:38:35,340 [INFO] command processing is alive.
2026-06-09 23:41:57,723 [INFO] Refreshing listener credentials
2026-06-09 23:41:57,800 [INFO] Scheduling next credential refresh in 1799.0 seconds
2026-06-09 23:43:35,704 [INFO] command processing is alive.
2026-06-09 23:48:36,062 [INFO] command processing is alive.
2026-06-09 23:53:36,410 [INFO] command processing is alive.
2026-06-09 23:58:36,807 [INFO] command processing is alive.
2026-06-10 00:03:37,155 [INFO] command processing is alive.
2026-06-10 00:08:37,519 [INFO] command processing is alive.
2026-06-10 00:11:56,801 [INFO] Refreshing listener credentials
2026-06-10 00:11:56,868 [INFO] Scheduling next credential refresh in 1799.0 seconds
2026-06-10 00:13:37,890 [INFO] command processing is alive.
2026-06-10 00:18:38,261 [INFO] command processing is alive.
2026-06-10 00:23:38,643 [INFO] command processing is alive.
2026-06-10 00:28:39,005 [INFO] command processing is alive.
2026-06-10 00:33:39,374 [INFO] command processing is alive.
2026-06-10 00:38:39,766 [INFO] command processing is alive.
2026-06-10 00:41:55,868 [INFO] Refreshing listener credentials
2026-06-10 00:41:55,942 [INFO] Scheduling next credential refresh in 1799.0 seconds
2026-06-10 00:43:40,174 [INFO] command processing is alive.
2026-06-10 00:48:40,550 [INFO] command processing is alive.
2026-06-10 00:53:40,901 [INFO] command processing is alive.
2026-06-10 00:58:41,280 [INFO] command processing is alive.
2026-06-10 01:03:41,720 [INFO] command processing is alive.
2026-06-10 01:08:42,118 [INFO] command processing is alive.
2026-06-10 01:11:54,942 [INFO] Refreshing listener credentials
2026-06-10 01:11:55,009 [INFO] Scheduling next credential refresh in 1799.0 seconds
2026-06-10 01:13:42,495 [INFO] command processing is alive.
2026-06-10 01:18:42,872 [INFO] command processing is alive.
2026-06-10 01:23:43,266 [INFO] command processing is alive.
2026-06-10 01:28:43,654 [INFO] command processing is alive.
2026-06-10 01:33:44,015 [INFO] command processing is alive.
2026-06-10 01:38:44,383 [INFO] command processing is alive.
2026-06-10 01:41:54,009 [INFO] Refreshing listener credentials
2026-06-10 01:41:54,078 [INFO] Scheduling next credential refresh in 1799.0 seconds
2026-06-10 01:43:44,765 [INFO] command processing is alive.
2026-06-10 01:48:45,141 [INFO] command processing is alive.
2026-06-10 01:53:45,527 [INFO] command processing is alive.
2026-06-10 01:58:45,887 [INFO] command processing is alive.
2026-06-10 02:03:46,238 [INFO] command processing is alive.
2026-06-10 02:08:46,623 [INFO] command processing is alive.
2026-06-10 02:11:53,078 [INFO] Refreshing listener credentials
2026-06-10 02:11:53,158 [INFO] Scheduling next credential refresh in 1799.0 seconds
2026-06-10 02:13:46,986 [INFO] command processing is alive.
2026-06-10 02:18:47,340 [INFO] command processing is alive.
2026-06-10 02:23:47,720 [INFO] command processing is alive.
2026-06-10 02:28:48,085 [INFO] command processing is alive.
2026-06-10 02:33:48,475 [INFO] command processing is alive.
2026-06-10 02:38:48,865 [INFO] command processing is alive.
2026-06-10 02:41:52,158 [INFO] Refreshing listener credentials
2026-06-10 02:41:52,233 [INFO] Scheduling next credential refresh in 1799.0 seconds
2026-06-10 02:43:49,234 [INFO] command processing is alive.
2026-06-10 02:48:49,626 [INFO] command processing is alive.
2026-06-10 02:53:49,988 [INFO] command processing is alive.
2026-06-10 02:58:50,342 [INFO] command processing is alive.
2026-06-10 03:03:50,709 [INFO] command processing is alive.
2026-06-10 03:08:51,098 [INFO] command processing is alive.
2026-06-10 03:11:51,234 [INFO] Refreshing listener credentials
2026-06-10 03:11:51,311 [INFO] Scheduling next credential refresh in 1799.0 seconds
2026-06-10 03:13:51,466 [INFO] command processing is alive.
2026-06-10 03:18:51,847 [INFO] command processing is alive.
2026-06-10 03:23:52,206 [INFO] command processing is alive.
2026-06-10 03:28:52,562 [INFO] command processing is alive.
2026-06-10 03:33:52,933 [INFO] command processing is alive.
2026-06-10 03:38:53,306 [INFO] command processing is alive.
2026-06-10 03:41:50,312 [INFO] Refreshing listener credentials
2026-06-10 03:41:50,383 [INFO] Scheduling next credential refresh in 1799.0 seconds
2026-06-10 03:43:53,678 [INFO] command processing is alive.
2026-06-10 03:48:54,072 [INFO] command processing is alive.
2026-06-10 03:53:54,456 [INFO] command processing is alive.
2026-06-10 03:58:54,842 [INFO] command processing is alive.
2026-06-10 04:03:55,252 [INFO] command processing is alive.
2026-06-10 04:08:55,622 [INFO] command processing is alive.
2026-06-10 04:11:49,383 [INFO] Refreshing listener credentials
2026-06-10 04:11:49,450 [INFO] Scheduling next credential refresh in 1799.0 seconds
2026-06-10 04:13:56,010 [INFO] command processing is alive.
2026-06-10 04:18:56,357 [INFO] command processing is alive.
2026-06-10 04:23:56,699 [INFO] command processing is alive.
2026-06-10 04:28:57,058 [INFO] command processing is alive.
2026-06-10 04:33:57,434 [INFO] command processing is alive.
2026-06-10 04:38:57,808 [INFO] command processing is alive.
2026-06-10 04:41:48,451 [INFO] Refreshing listener credentials
2026-06-10 04:41:48,529 [INFO] Scheduling next credential refresh in 1799.0 seconds
2026-06-10 04:43:58,193 [INFO] command processing is alive.
2026-06-10 04:48:58,604 [INFO] command processing is alive.
2026-06-10 04:53:58,977 [INFO] command processing is alive.
2026-06-10 04:58:59,355 [INFO] command processing is alive.
2026-06-10 05:03:59,712 [INFO] command processing is alive.
2026-06-10 05:09:00,076 [INFO] command processing is alive.
2026-06-10 05:11:47,529 [INFO] Refreshing listener credentials
2026-06-10 05:11:47,607 [INFO] Scheduling next credential refresh in 1799.0 seconds
2026-06-10 05:14:00,429 [INFO] command processing is alive.
2026-06-10 05:19:00,803 [INFO] command processing is alive.
2026-06-10 05:24:01,198 [INFO] command processing is alive.
2026-06-10 05:29:01,629 [INFO] command processing is alive.
2026-06-10 05:34:02,074 [INFO] command processing is alive.
2026-06-10 05:39:02,449 [INFO] command processing is alive.
2026-06-10 05:41:46,608 [INFO] Refreshing listener credentials
2026-06-10 05:41:46,682 [INFO] Scheduling next credential refresh in 1799.0 seconds
2026-06-10 05:44:02,869 [INFO] command processing is alive.
2026-06-10 05:49:03,238 [INFO] command processing is alive.
2026-06-10 05:54:03,599 [INFO] command processing is alive.
2026-06-10 05:59:03,973 [INFO] command processing is alive.
2026-06-10 06:04:04,351 [INFO] command processing is alive.
2026-06-10 06:09:04,743 [INFO] command processing is alive.
2026-06-10 06:11:45,682 [INFO] Refreshing listener credentials
2026-06-10 06:11:45,756 [INFO] Scheduling next credential refresh in 1799.0 seconds
2026-06-10 06:14:05,144 [INFO] command processing is alive.
2026-06-10 06:19:05,531 [INFO] command processing is alive.
2026-06-10 06:25:49,129 [WARNING] Timeout of 60 seconds breached
2026-06-10 06:42:09,864 [ERROR] Client-side timeout
Traceback (most recent call last):
  File "/usr/lib/python3.9/site-packages/cfnbootstrap/util.py", line 191, in _retry
    return f(*args, **kwargs)
  File "/usr/lib/python3.9/site-packages/cfnbootstrap/util.py", line 264, in _timeout
    raise TimeoutError(
cfnbootstrap.util.TimeoutError
2026-06-10 06:50:01,860 [INFO] Refreshing listener credentials
2026-06-10 08:15:00,495 [ERROR] Unknown: <?xml version="1.0"?><ErrorResponse xmlns="http://queue.amazonaws.com/doc/2012-11-05/"><Error><Type>Sender</Type><Code>ExpiredToken</Code><Message>The security token included in the request is expired</Message><Detail/></Error><RequestId>48da6371-5359-596f-aa37-01d24c1d423d</RequestId></ErrorResponse>
Traceback (most recent call last):
  File "/usr/lib/python3.9/site-packages/cfnbootstrap/util.py", line 191, in _retry
    return f(*args, **kwargs)
  File "/usr/lib/python3.9/site-packages/cfnbootstrap/util.py", line 268, in _timeout
    raise exc[0]
  File "/usr/lib/python3.9/site-packages/cfnbootstrap/util.py", line 253, in value_fn
    ret_val.append(f(*args, **kwargs))
  File "/usr/lib/python3.9/site-packages/cfnbootstrap/sqs_client.py", line 128, in receive_message
    response_content = self._call(
  File "/usr/lib/python3.9/site-packages/cfnbootstrap/aws_client.py", line 254, in _call
    return self._make_request(*req, timeout=timeout)
  File "/usr/lib/python3.9/site-packages/cfnbootstrap/aws_client.py", line 260, in _make_request
    return util.check_status(api.request(verb, base_url,
  File "/usr/lib/python3.9/site-packages/cfnbootstrap/util.py", line 730, in check_status
    resp.raise_for_status()
  File "/usr/lib/python3.9/site-packages/cfnbootstrap/packages/requests/models.py", line 1026, in raise_for_status
    raise HTTPError(http_error_msg, response=self)
cfnbootstrap.packages.requests.exceptions.HTTPError: 403 Client Error: Forbidden for url: https://sqs.ap-south-1.amazonaws.com/033451322671/23d39fb74e1e68e21f49424d806280cf0b792017ef1673a883eb1654bd35fca0/?Action=ReceiveMessage&Version=2012-11-05&MaxNumberOfMessages=1&AttributeName.1=All&WaitTimeSeconds=20
2026-06-10 08:15:00,645 [ERROR] Listener expired
Traceback (most recent call last):
  File "/usr/lib/python3.9/site-packages/cfnbootstrap/util.py", line 191, in _retry
    return f(*args, **kwargs)
  File "/usr/lib/python3.9/site-packages/cfnbootstrap/util.py", line 268, in _timeout
    raise exc[0]
  File "/usr/lib/python3.9/site-packages/cfnbootstrap/util.py", line 253, in value_fn
    ret_val.append(f(*args, **kwargs))
  File "/usr/lib/python3.9/site-packages/cfnbootstrap/cfn_client.py", line 210, in get_listener_credentials
    resp = self._call(params, request_credentials=request_credentials)
  File "/usr/lib/python3.9/site-packages/cfnbootstrap/aws_client.py", line 254, in _call
    return self._make_request(*req, timeout=timeout)
  File "/usr/lib/python3.9/site-packages/cfnbootstrap/aws_client.py", line 260, in _make_request
    return util.check_status(api.request(verb, base_url,
  File "/usr/lib/python3.9/site-packages/cfnbootstrap/util.py", line 730, in check_status
    resp.raise_for_status()
  File "/usr/lib/python3.9/site-packages/cfnbootstrap/packages/requests/models.py", line 1026, in raise_for_status
    raise HTTPError(http_error_msg, response=self)
cfnbootstrap.packages.requests.exceptions.HTTPError: 400 Client Error: Bad Request for url: https://cloudformation.ap-south-1.amazonaws.com/?Action=GetListenerCredentials&StackName=arn%3Aaws%3Acloudformation%3Aap-south-1%3A821279529027%3Astack%2Fawseb-e-2ta8uv25be-stack%2Fdff6c660-5b27-11f1-a391-0a7fe37dc01b&ContentType=JSON

During handling of the above exception, another exception occurred:

Traceback (most recent call last):
  File "/usr/lib/python3.9/site-packages/cfnbootstrap/update_hooks.py", line 236, in refresh
    self._creds = self._cfn_client.get_listener_credentials(
  File "/usr/lib/python3.9/site-packages/cfnbootstrap/util.py", line 213, in _retry
    raise last_error
cfnbootstrap.aws_client.AwsQueryError: [Errno 400] ListenerExpired: Listener with ListenerId i-00a861bf97b2050a4 has expired. Please reregister using RegisterListener.
2026-06-10 08:15:01,842 [INFO] Scheduling next credential refresh in 49.94948995697976 seconds
2026-06-10 08:15:03,309 [ERROR] Unknown: <?xml version="1.0"?><ErrorResponse xmlns="http://queue.amazonaws.com/doc/2012-11-05/"><Error><Type>Sender</Type><Code>ExpiredToken</Code><Message>The security token included in the request is expired</Message><Detail/></Error><RequestId>6802a8bf-0bbf-5a69-977b-ca1c14f87fd3</RequestId></ErrorResponse>
Traceback (most recent call last):
  File "/usr/lib/python3.9/site-packages/cfnbootstrap/util.py", line 191, in _retry
    return f(*args, **kwargs)
  File "/usr/lib/python3.9/site-packages/cfnbootstrap/util.py", line 268, in _timeout
    raise exc[0]
  File "/usr/lib/python3.9/site-packages/cfnbootstrap/util.py", line 253, in value_fn
    ret_val.append(f(*args, **kwargs))
  File "/usr/lib/python3.9/site-packages/cfnbootstrap/sqs_client.py", line 128, in receive_message
    response_content = self._call(
  File "/usr/lib/python3.9/site-packages/cfnbootstrap/aws_client.py", line 254, in _call
    return self._make_request(*req, timeout=timeout)
  File "/usr/lib/python3.9/site-packages/cfnbootstrap/aws_client.py", line 260, in _make_request
    return util.check_status(api.request(verb, base_url,
  File "/usr/lib/python3.9/site-packages/cfnbootstrap/util.py", line 730, in check_status
    resp.raise_for_status()
  File "/usr/lib/python3.9/site-packages/cfnbootstrap/packages/requests/models.py", line 1026, in raise_for_status
    raise HTTPError(http_error_msg, response=self)
cfnbootstrap.packages.requests.exceptions.HTTPError: 403 Client Error: Forbidden for url: https://sqs.ap-south-1.amazonaws.com/033451322671/23d39fb74e1e68e21f49424d806280cf0b792017ef1673a883eb1654bd35fca0/?Action=ReceiveMessage&Version=2012-11-05&MaxNumberOfMessages=1&AttributeName.1=All&WaitTimeSeconds=20
2026-06-10 08:15:04,438 [ERROR] Unknown: <?xml version="1.0"?><ErrorResponse xmlns="http://queue.amazonaws.com/doc/2012-11-05/"><Error><Type>Sender</Type><Code>ExpiredToken</Code><Message>The security token included in the request is expired</Message><Detail/></Error><RequestId>a07a7e89-097c-5aec-9d13-1c2a16345b9d</RequestId></ErrorResponse>
Traceback (most recent call last):
  File "/usr/lib/python3.9/site-packages/cfnbootstrap/util.py", line 191, in _retry
    return f(*args, **kwargs)
  File "/usr/lib/python3.9/site-packages/cfnbootstrap/util.py", line 268, in _timeout
    raise exc[0]
  File "/usr/lib/python3.9/site-packages/cfnbootstrap/util.py", line 253, in value_fn
    ret_val.append(f(*args, **kwargs))
  File "/usr/lib/python3.9/site-packages/cfnbootstrap/sqs_client.py", line 128, in receive_message
    response_content = self._call(
  File "/usr/lib/python3.9/site-packages/cfnbootstrap/aws_client.py", line 254, in _call
    return self._make_request(*req, timeout=timeout)
  File "/usr/lib/python3.9/site-packages/cfnbootstrap/aws_client.py", line 260, in _make_request
    return util.check_status(api.request(verb, base_url,
  File "/usr/lib/python3.9/site-packages/cfnbootstrap/util.py", line 730, in check_status
    resp.raise_for_status()
  File "/usr/lib/python3.9/site-packages/cfnbootstrap/packages/requests/models.py", line 1026, in raise_for_status
    raise HTTPError(http_error_msg, response=self)
cfnbootstrap.packages.requests.exceptions.HTTPError: 403 Client Error: Forbidden for url: https://sqs.ap-south-1.amazonaws.com/033451322671/23d39fb74e1e68e21f49424d806280cf0b792017ef1673a883eb1654bd35fca0/?Action=ReceiveMessage&Version=2012-11-05&MaxNumberOfMessages=1&AttributeName.1=All&WaitTimeSeconds=20
2026-06-10 08:15:10,434 [ERROR] Unknown: <?xml version="1.0"?><ErrorResponse xmlns="http://queue.amazonaws.com/doc/2012-11-05/"><Error><Type>Sender</Type><Code>ExpiredToken</Code><Message>The security token included in the request is expired</Message><Detail/></Error><RequestId>e6b4a7bc-4794-5f2d-abd7-c51f58da8b14</RequestId></ErrorResponse>
Traceback (most recent call last):
  File "/usr/lib/python3.9/site-packages/cfnbootstrap/util.py", line 191, in _retry
    return f(*args, **kwargs)
  File "/usr/lib/python3.9/site-packages/cfnbootstrap/util.py", line 268, in _timeout
    raise exc[0]
  File "/usr/lib/python3.9/site-packages/cfnbootstrap/util.py", line 253, in value_fn
    ret_val.append(f(*args, **kwargs))
  File "/usr/lib/python3.9/site-packages/cfnbootstrap/sqs_client.py", line 128, in receive_message
    response_content = self._call(
  File "/usr/lib/python3.9/site-packages/cfnbootstrap/aws_client.py", line 254, in _call
    return self._make_request(*req, timeout=timeout)
  File "/usr/lib/python3.9/site-packages/cfnbootstrap/aws_client.py", line 260, in _make_request
    return util.check_status(api.request(verb, base_url,
  File "/usr/lib/python3.9/site-packages/cfnbootstrap/util.py", line 730, in check_status
    resp.raise_for_status()
  File "/usr/lib/python3.9/site-packages/cfnbootstrap/packages/requests/models.py", line 1026, in raise_for_status
    raise HTTPError(http_error_msg, response=self)
cfnbootstrap.packages.requests.exceptions.HTTPError: 403 Client Error: Forbidden for url: https://sqs.ap-south-1.amazonaws.com/033451322671/23d39fb74e1e68e21f49424d806280cf0b792017ef1673a883eb1654bd35fca0/?Action=ReceiveMessage&Version=2012-11-05&MaxNumberOfMessages=1&AttributeName.1=All&WaitTimeSeconds=20
2026-06-10 08:15:10,435 [ERROR] IOError caught while processing messages
Traceback (most recent call last):
  File "/usr/lib/python3.9/site-packages/cfnbootstrap/update_hooks.py", line 431, in process
    for msg in self.sqs_client.receive_message(self.queue_url, request_credentials=self._creds_provider.credentials, wait_time=20):
  File "/usr/lib/python3.9/site-packages/cfnbootstrap/util.py", line 231, in _retry
    raise last_error
cfnbootstrap.aws_client.AwsQueryError: [Errno 403] Unknown: <?xml version="1.0"?><ErrorResponse xmlns="http://queue.amazonaws.com/doc/2012-11-05/"><Error><Type>Sender</Type><Code>ExpiredToken</Code><Message>The security token included in the request is expired</Message><Detail/></Error><RequestId>e6b4a7bc-4794-5f2d-abd7-c51f58da8b14</RequestId></ErrorResponse>
2026-06-10 08:15:10,435 [INFO] command processing is alive.
2026-06-10 08:15:10,691 [ERROR] Expired credentials found; skipping process
2026-06-10 08:15:30,692 [ERROR] Expired credentials found; skipping process
2026-06-10 08:15:50,693 [ERROR] Expired credentials found; skipping process
2026-06-10 08:15:51,806 [INFO] Refreshing listener credentials
2026-06-10 08:15:51,889 [INFO] Scheduling next credential refresh in 1799.0 seconds
2026-06-10 08:20:11,067 [INFO] command processing is alive.
2026-06-10 08:25:11,460 [INFO] command processing is alive.
2026-06-10 08:30:11,836 [INFO] command processing is alive.
2026-06-10 08:35:12,239 [INFO] command processing is alive.
2026-06-10 08:40:12,604 [INFO] command processing is alive.
2026-06-10 08:45:13,016 [INFO] command processing is alive.
2026-06-10 08:45:50,890 [INFO] Refreshing listener credentials
2026-06-10 08:45:50,977 [INFO] Scheduling next credential refresh in 1799.0 seconds
2026-06-10 08:50:13,415 [INFO] command processing is alive.
2026-06-10 08:55:13,795 [INFO] command processing is alive.
2026-06-10 09:00:14,207 [INFO] command processing is alive.
2026-06-10 09:05:14,635 [INFO] command processing is alive.
2026-06-10 09:10:15,043 [INFO] command processing is alive.
2026-06-10 09:15:15,441 [INFO] command processing is alive.
2026-06-10 09:15:49,978 [INFO] Refreshing listener credentials
2026-06-10 09:15:50,054 [INFO] Scheduling next credential refresh in 1799.0 seconds
2026-06-10 09:20:15,841 [INFO] command processing is alive.
2026-06-10 09:25:16,208 [INFO] command processing is alive.
2026-06-10 09:30:16,580 [INFO] command processing is alive.
2026-06-10 09:35:16,969 [INFO] command processing is alive.
2026-06-10 09:40:17,359 [INFO] command processing is alive.
2026-06-10 09:45:17,751 [INFO] command processing is alive.
2026-06-10 09:45:49,055 [INFO] Refreshing listener credentials
2026-06-10 09:45:49,137 [INFO] Scheduling next credential refresh in 1799.0 seconds
2026-06-10 09:50:18,184 [INFO] command processing is alive.
2026-06-10 09:55:18,649 [INFO] command processing is alive.
2026-06-10 10:00:19,047 [INFO] command processing is alive.
2026-06-10 10:05:19,451 [INFO] command processing is alive.
2026-06-10 10:10:19,861 [INFO] command processing is alive.
2026-06-10 10:15:20,279 [INFO] command processing is alive.
2026-06-10 10:15:48,137 [INFO] Refreshing listener credentials
2026-06-10 10:15:48,219 [INFO] Scheduling next credential refresh in 1799.0 seconds
2026-06-10 10:20:20,694 [INFO] command processing is alive.
2026-06-10 10:25:21,108 [INFO] command processing is alive.
2026-06-10 10:30:21,540 [INFO] command processing is alive.
2026-06-10 10:35:21,953 [INFO] command processing is alive.
2026-06-10 10:40:22,405 [INFO] command processing is alive.
2026-06-10 10:45:22,791 [INFO] command processing is alive.
2026-06-10 10:45:47,220 [INFO] Refreshing listener credentials
2026-06-10 10:45:47,286 [INFO] Scheduling next credential refresh in 1799.0 seconds
2026-06-10 10:50:23,187 [INFO] command processing is alive.
2026-06-10 10:55:23,562 [INFO] command processing is alive.
2026-06-10 11:00:24,058 [INFO] command processing is alive.
2026-06-10 11:05:24,471 [INFO] command processing is alive.
2026-06-10 11:10:24,862 [INFO] command processing is alive.
2026-06-10 11:15:25,261 [INFO] command processing is alive.
2026-06-10 11:15:46,287 [INFO] Refreshing listener credentials
2026-06-10 11:15:46,365 [INFO] Scheduling next credential refresh in 1799.0 seconds
2026-06-10 11:20:25,648 [INFO] command processing is alive.
2026-06-10 11:25:26,067 [INFO] command processing is alive.
2026-06-10 11:30:26,489 [INFO] command processing is alive.
2026-06-10 11:35:26,909 [INFO] command processing is alive.
2026-06-10 11:40:27,340 [INFO] command processing is alive.
2026-06-10 11:45:27,798 [INFO] command processing is alive.
2026-06-10 11:45:45,366 [INFO] Refreshing listener credentials
2026-06-10 11:45:45,454 [INFO] Scheduling next credential refresh in 1799.0 seconds
2026-06-10 11:50:28,208 [INFO] command processing is alive.
2026-06-10 11:55:28,602 [INFO] command processing is alive.
2026-06-10 12:00:29,006 [INFO] command processing is alive.
2026-06-10 12:05:29,418 [INFO] command processing is alive.
2026-06-10 12:10:29,824 [INFO] command processing is alive.
2026-06-10 12:15:30,192 [INFO] command processing is alive.
2026-06-10 12:15:44,454 [INFO] Refreshing listener credentials
2026-06-10 12:15:44,538 [INFO] Scheduling next credential refresh in 1799.0 seconds
2026-06-10 12:20:30,579 [INFO] command processing is alive.
2026-06-10 12:25:30,961 [INFO] command processing is alive.
2026-06-10 12:30:31,371 [INFO] command processing is alive.
2026-06-10 12:35:31,758 [INFO] command processing is alive.
2026-06-10 12:40:32,175 [INFO] command processing is alive.
2026-06-10 12:45:32,588 [INFO] command processing is alive.
2026-06-10 12:45:43,538 [INFO] Refreshing listener credentials
2026-06-10 12:45:43,618 [INFO] Scheduling next credential refresh in 1799.0 seconds
2026-06-10 12:50:32,977 [INFO] command processing is alive.
2026-06-10 12:55:33,394 [INFO] command processing is alive.
2026-06-10 13:00:33,779 [INFO] command processing is alive.
2026-06-10 13:05:34,193 [INFO] command processing is alive.
2026-06-10 13:10:34,635 [INFO] command processing is alive.
2026-06-10 13:15:35,081 [INFO] command processing is alive.
2026-06-10 13:15:42,618 [INFO] Refreshing listener credentials
2026-06-10 13:15:42,700 [INFO] Scheduling next credential refresh in 1799.0 seconds
2026-06-10 13:20:35,519 [INFO] command processing is alive.
2026-06-10 13:25:35,938 [INFO] command processing is alive.
2026-06-10 13:30:36,361 [INFO] command processing is alive.
2026-06-10 13:35:36,779 [INFO] command processing is alive.
2026-06-10 13:40:37,179 [INFO] command processing is alive.
2026-06-10 13:45:37,569 [INFO] command processing is alive.
2026-06-10 13:45:41,700 [INFO] Refreshing listener credentials
2026-06-10 13:45:41,775 [INFO] Scheduling next credential refresh in 1799.0 seconds
2026-06-10 13:50:37,952 [INFO] command processing is alive.
2026-06-10 13:55:38,346 [INFO] command processing is alive.
2026-06-10 14:00:38,731 [INFO] command processing is alive.
2026-06-10 14:05:39,118 [INFO] command processing is alive.
2026-06-10 14:10:39,521 [INFO] command processing is alive.
2026-06-10 14:15:39,953 [INFO] command processing is alive.
2026-06-10 14:15:40,776 [INFO] Refreshing listener credentials
2026-06-10 14:15:40,858 [INFO] Scheduling next credential refresh in 1799.0 seconds
2026-06-10 14:20:40,375 [INFO] command processing is alive.
2026-06-10 14:25:40,755 [INFO] command processing is alive.
2026-06-10 14:30:41,242 [INFO] command processing is alive.
2026-06-10 14:35:41,771 [INFO] command processing is alive.
2026-06-10 14:40:42,450 [INFO] command processing is alive.
2026-06-10 14:45:39,858 [INFO] Refreshing listener credentials
2026-06-10 14:45:39,941 [INFO] Scheduling next credential refresh in 1799.0 seconds
2026-06-10 14:45:42,987 [INFO] command processing is alive.
2026-06-10 14:50:43,470 [INFO] command processing is alive.
2026-06-10 14:55:43,918 [INFO] command processing is alive.
2026-06-10 15:00:44,371 [INFO] command processing is alive.
2026-06-10 15:05:44,757 [INFO] command processing is alive.
2026-06-10 15:10:45,203 [INFO] command processing is alive.
2026-06-10 15:15:38,942 [INFO] Refreshing listener credentials
2026-06-10 15:15:39,014 [INFO] Scheduling next credential refresh in 1799.0 seconds
2026-06-10 15:15:45,619 [INFO] command processing is alive.
2026-06-10 15:20:46,064 [INFO] command processing is alive.
2026-06-10 15:25:46,477 [INFO] command processing is alive.
2026-06-10 15:30:46,921 [INFO] command processing is alive.
2026-06-10 15:35:47,322 [INFO] command processing is alive.
2026-06-10 15:40:47,718 [INFO] command processing is alive.
2026-06-10 15:45:38,014 [INFO] Refreshing listener credentials
2026-06-10 15:45:38,091 [INFO] Scheduling next credential refresh in 1799.0 seconds
2026-06-10 15:45:48,145 [INFO] command processing is alive.
2026-06-10 15:50:48,537 [INFO] command processing is alive.
2026-06-10 15:55:48,910 [INFO] command processing is alive.
2026-06-10 16:00:49,304 [INFO] command processing is alive.
2026-06-10 16:05:49,681 [INFO] command processing is alive.
2026-06-10 16:10:50,096 [INFO] command processing is alive.
2026-06-10 16:15:37,092 [INFO] Refreshing listener credentials
2026-06-10 16:15:37,163 [INFO] Scheduling next credential refresh in 1799.0 seconds
2026-06-10 16:15:50,522 [INFO] command processing is alive.
2026-06-10 16:20:50,908 [INFO] command processing is alive.
2026-06-10 16:25:51,276 [INFO] command processing is alive.
2026-06-10 16:30:51,683 [INFO] command processing is alive.
2026-06-10 16:35:52,063 [INFO] command processing is alive.
2026-06-10 16:40:52,434 [INFO] command processing is alive.
2026-06-10 16:45:36,164 [INFO] Refreshing listener credentials
2026-06-10 16:45:36,242 [INFO] Scheduling next credential refresh in 1799.0 seconds
2026-06-10 16:45:52,824 [INFO] command processing is alive.
2026-06-10 16:50:53,200 [INFO] command processing is alive.
2026-06-10 16:55:53,601 [INFO] command processing is alive.
2026-06-10 17:00:53,992 [INFO] command processing is alive.
2026-06-10 17:05:54,406 [INFO] command processing is alive.
2026-06-10 17:10:54,785 [INFO] command processing is alive.
2026-06-10 17:15:35,242 [INFO] Refreshing listener credentials
2026-06-10 17:15:35,332 [INFO] Scheduling next credential refresh in 1799.0 seconds
2026-06-10 17:15:55,216 [INFO] command processing is alive.
2026-06-10 17:20:55,598 [INFO] command processing is alive.
2026-06-10 17:25:55,981 [INFO] command processing is alive.
2026-06-10 17:30:56,347 [INFO] command processing is alive.
2026-06-10 17:35:56,735 [INFO] command processing is alive.
2026-06-10 17:40:57,130 [INFO] command processing is alive.
2026-06-10 17:45:34,333 [INFO] Refreshing listener credentials
2026-06-10 17:45:34,410 [INFO] Scheduling next credential refresh in 1799.0 seconds
2026-06-10 17:45:57,512 [INFO] command processing is alive.
2026-06-10 17:50:57,879 [INFO] command processing is alive.
2026-06-10 17:55:58,272 [INFO] command processing is alive.
2026-06-10 18:00:58,633 [INFO] command processing is alive.
2026-06-10 18:05:59,017 [INFO] command processing is alive.
2026-06-10 18:10:59,386 [INFO] command processing is alive.
2026-06-10 18:15:33,411 [INFO] Refreshing listener credentials
2026-06-10 18:15:33,483 [INFO] Scheduling next credential refresh in 1799.0 seconds
2026-06-10 18:15:59,766 [INFO] command processing is alive.
2026-06-10 18:21:00,161 [INFO] command processing is alive.
2026-06-10 18:26:00,541 [INFO] command processing is alive.
2026-06-10 18:31:00,929 [INFO] command processing is alive.
2026-06-10 18:36:01,362 [INFO] command processing is alive.
2026-06-10 18:41:01,834 [INFO] command processing is alive.
2026-06-10 18:45:32,483 [INFO] Refreshing listener credentials
2026-06-10 18:45:32,554 [INFO] Scheduling next credential refresh in 1799.0 seconds
2026-06-10 18:46:02,281 [INFO] command processing is alive.
2026-06-10 18:51:02,809 [INFO] command processing is alive.
2026-06-10 18:56:03,340 [INFO] command processing is alive.
2026-06-10 19:01:03,785 [INFO] command processing is alive.
2026-06-10 19:06:04,183 [INFO] command processing is alive.
2026-06-10 19:11:04,577 [INFO] command processing is alive.
2026-06-10 19:15:31,554 [INFO] Refreshing listener credentials
2026-06-10 19:15:31,631 [INFO] Scheduling next credential refresh in 1799.0 seconds
2026-06-10 19:16:04,971 [INFO] command processing is alive.
2026-06-10 19:21:05,345 [INFO] command processing is alive.
2026-06-10 19:26:05,732 [INFO] command processing is alive.
2026-06-10 19:31:06,110 [INFO] command processing is alive.
2026-06-10 19:36:06,499 [INFO] command processing is alive.
2026-06-10 19:41:06,889 [INFO] command processing is alive.
2026-06-10 19:45:30,632 [INFO] Refreshing listener credentials
2026-06-10 19:45:30,709 [INFO] Scheduling next credential refresh in 1799.0 seconds
2026-06-10 19:46:07,291 [INFO] command processing is alive.
2026-06-10 19:51:07,679 [INFO] command processing is alive.
2026-06-10 19:56:08,437 [INFO] command processing is alive.
2026-06-10 20:01:08,831 [INFO] command processing is alive.
2026-06-10 20:06:09,216 [INFO] command processing is alive.
2026-06-10 20:11:09,590 [INFO] command processing is alive.
2026-06-10 20:15:29,709 [INFO] Refreshing listener credentials
2026-06-10 20:15:29,790 [INFO] Scheduling next credential refresh in 1799.0 seconds
2026-06-10 20:16:09,971 [INFO] command processing is alive.
2026-06-10 20:21:10,334 [INFO] command processing is alive.
2026-06-10 20:26:10,690 [INFO] command processing is alive.
2026-06-10 20:31:11,082 [INFO] command processing is alive.
2026-06-10 20:36:11,462 [INFO] command processing is alive.
2026-06-10 20:41:11,827 [INFO] command processing is alive.
2026-06-10 20:45:28,791 [INFO] Refreshing listener credentials
2026-06-10 20:45:28,865 [INFO] Scheduling next credential refresh in 1799.0 seconds
2026-06-10 20:46:12,213 [INFO] command processing is alive.
2026-06-10 20:51:12,596 [INFO] command processing is alive.
2026-06-10 20:56:12,991 [INFO] command processing is alive.
2026-06-10 21:01:13,350 [INFO] command processing is alive.
2026-06-10 21:06:13,728 [INFO] command processing is alive.
2026-06-10 21:11:14,097 [INFO] command processing is alive.
2026-06-10 21:15:27,865 [INFO] Refreshing listener credentials
2026-06-10 21:15:27,938 [INFO] Scheduling next credential refresh in 1799.0 seconds
2026-06-10 21:16:14,470 [INFO] command processing is alive.
2026-06-10 21:21:14,844 [INFO] command processing is alive.
2026-06-10 21:26:15,204 [INFO] command processing is alive.
2026-06-10 21:31:15,574 [INFO] command processing is alive.
2026-06-10 21:36:15,942 [INFO] command processing is alive.
2026-06-10 21:41:16,323 [INFO] command processing is alive.
2026-06-10 21:45:26,938 [INFO] Refreshing listener credentials
2026-06-10 21:45:27,011 [INFO] Scheduling next credential refresh in 1799.0 seconds
2026-06-10 21:46:16,706 [INFO] command processing is alive.
2026-06-10 21:51:17,083 [INFO] command processing is alive.
2026-06-10 21:56:17,453 [INFO] command processing is alive.
2026-06-10 22:01:17,815 [INFO] command processing is alive.
2026-06-10 22:06:18,192 [INFO] command processing is alive.
2026-06-10 22:11:18,557 [INFO] command processing is alive.
2026-06-10 22:15:26,012 [INFO] Refreshing listener credentials
2026-06-10 22:15:26,089 [INFO] Scheduling next credential refresh in 1799.0 seconds
2026-06-10 22:16:18,912 [INFO] command processing is alive.
2026-06-10 22:21:19,287 [INFO] command processing is alive.
2026-06-10 22:26:19,653 [INFO] command processing is alive.
2026-06-10 22:31:20,070 [INFO] command processing is alive.
2026-06-10 22:36:20,451 [INFO] command processing is alive.
2026-06-10 22:41:20,844 [INFO] command processing is alive.
2026-06-10 22:45:25,090 [INFO] Refreshing listener credentials
2026-06-10 22:45:25,160 [INFO] Scheduling next credential refresh in 1799.0 seconds
2026-06-10 22:46:21,232 [INFO] command processing is alive.
2026-06-10 22:51:21,697 [INFO] command processing is alive.
2026-06-10 22:56:22,145 [INFO] command processing is alive.
2026-06-10 23:01:22,588 [INFO] command processing is alive.
2026-06-10 23:06:23,048 [INFO] command processing is alive.
2026-06-10 23:11:23,462 [INFO] command processing is alive.
2026-06-10 23:15:24,160 [INFO] Refreshing listener credentials
2026-06-10 23:15:24,234 [INFO] Scheduling next credential refresh in 1799.0 seconds
2026-06-10 23:16:23,856 [INFO] command processing is alive.
2026-06-10 23:21:24,220 [INFO] command processing is alive.
2026-06-10 23:26:24,589 [INFO] command processing is alive.
2026-06-10 23:31:24,951 [INFO] command processing is alive.
2026-06-10 23:36:25,341 [INFO] command processing is alive.
2026-06-10 23:41:25,740 [INFO] command processing is alive.
2026-06-10 23:45:23,235 [INFO] Refreshing listener credentials
2026-06-10 23:45:23,306 [INFO] Scheduling next credential refresh in 1799.0 seconds
2026-06-10 23:46:26,146 [INFO] command processing is alive.
2026-06-10 23:51:26,559 [INFO] command processing is alive.
2026-06-10 23:56:26,969 [INFO] command processing is alive.
2026-06-11 00:01:27,338 [INFO] command processing is alive.
2026-06-11 00:06:27,756 [INFO] command processing is alive.
2026-06-11 00:11:28,155 [INFO] command processing is alive.
2026-06-11 00:15:22,307 [INFO] Refreshing listener credentials
2026-06-11 00:15:22,390 [INFO] Scheduling next credential refresh in 1799.0 seconds
2026-06-11 00:16:28,542 [INFO] command processing is alive.
2026-06-11 00:21:28,917 [INFO] command processing is alive.
2026-06-11 00:26:29,279 [INFO] command processing is alive.
2026-06-11 00:31:29,651 [INFO] command processing is alive.
2026-06-11 00:36:30,018 [INFO] command processing is alive.
2026-06-11 00:41:30,466 [INFO] command processing is alive.
2026-06-11 00:45:21,391 [INFO] Refreshing listener credentials
2026-06-11 00:45:21,466 [INFO] Scheduling next credential refresh in 1799.0 seconds
2026-06-11 00:46:30,838 [INFO] command processing is alive.
2026-06-11 00:51:31,224 [INFO] command processing is alive.
2026-06-11 00:56:31,613 [INFO] command processing is alive.
2026-06-11 01:01:31,983 [INFO] command processing is alive.
2026-06-11 01:06:32,352 [INFO] command processing is alive.
2026-06-11 01:11:32,735 [INFO] command processing is alive.
2026-06-11 01:15:20,467 [INFO] Refreshing listener credentials
2026-06-11 01:15:20,539 [INFO] Scheduling next credential refresh in 1799.0 seconds
2026-06-11 01:16:33,102 [INFO] command processing is alive.
2026-06-11 01:21:33,466 [INFO] command processing is alive.
2026-06-11 01:26:33,849 [INFO] command processing is alive.
2026-06-11 01:31:34,212 [INFO] command processing is alive.
2026-06-11 01:36:34,607 [INFO] command processing is alive.
2026-06-11 01:41:35,030 [INFO] command processing is alive.
2026-06-11 01:45:19,539 [INFO] Refreshing listener credentials
2026-06-11 01:45:19,613 [INFO] Scheduling next credential refresh in 1799.0 seconds
2026-06-11 01:46:35,429 [INFO] command processing is alive.
2026-06-11 01:51:35,828 [INFO] command processing is alive.
2026-06-11 01:56:36,237 [INFO] command processing is alive.
2026-06-11 02:01:36,634 [INFO] command processing is alive.
2026-06-11 02:06:37,046 [INFO] command processing is alive.
2026-06-11 02:11:37,426 [INFO] command processing is alive.
2026-06-11 02:15:18,614 [INFO] Refreshing listener credentials
2026-06-11 02:15:18,687 [INFO] Scheduling next credential refresh in 1799.0 seconds
2026-06-11 02:16:37,801 [INFO] command processing is alive.
2026-06-11 02:21:38,185 [INFO] command processing is alive.
2026-06-11 02:26:38,566 [INFO] command processing is alive.
2026-06-11 02:31:38,957 [INFO] command processing is alive.
2026-06-11 02:36:39,348 [INFO] command processing is alive.
2026-06-11 02:41:39,716 [INFO] command processing is alive.
2026-06-11 02:45:17,688 [INFO] Refreshing listener credentials
2026-06-11 02:45:17,757 [INFO] Scheduling next credential refresh in 1799.0 seconds
2026-06-11 02:46:40,085 [INFO] command processing is alive.
2026-06-11 02:51:40,491 [INFO] command processing is alive.
2026-06-11 02:56:40,891 [INFO] command processing is alive.
2026-06-11 03:01:41,326 [INFO] command processing is alive.
2026-06-11 03:06:41,770 [INFO] command processing is alive.
2026-06-11 03:11:42,438 [INFO] command processing is alive.
2026-06-11 03:15:16,758 [INFO] Refreshing listener credentials
2026-06-11 03:15:16,837 [INFO] Scheduling next credential refresh in 1799.0 seconds
2026-06-11 03:16:42,968 [INFO] command processing is alive.
2026-06-11 03:21:43,437 [INFO] command processing is alive.
2026-06-11 03:26:43,865 [INFO] command processing is alive.
2026-06-11 03:31:44,345 [INFO] command processing is alive.
2026-06-11 03:36:44,774 [INFO] command processing is alive.
2026-06-11 03:41:45,185 [INFO] command processing is alive.
2026-06-11 03:45:15,838 [INFO] Refreshing listener credentials
2026-06-11 03:45:15,927 [INFO] Scheduling next credential refresh in 1799.0 seconds
2026-06-11 03:46:45,574 [INFO] command processing is alive.
2026-06-11 03:51:45,981 [INFO] command processing is alive.
2026-06-11 03:56:46,390 [INFO] command processing is alive.
2026-06-11 04:01:46,788 [INFO] command processing is alive.
2026-06-11 04:06:47,250 [INFO] command processing is alive.
2026-06-11 04:11:47,631 [INFO] command processing is alive.
2026-06-11 04:15:14,927 [INFO] Refreshing listener credentials
2026-06-11 04:15:15,008 [INFO] Scheduling next credential refresh in 1799.0 seconds
2026-06-11 04:16:48,081 [INFO] command processing is alive.
2026-06-11 04:21:48,497 [INFO] command processing is alive.
2026-06-11 04:26:48,901 [INFO] command processing is alive.
2026-06-11 04:31:49,332 [INFO] command processing is alive.
2026-06-11 04:36:49,726 [INFO] command processing is alive.
2026-06-11 04:41:50,139 [INFO] command processing is alive.
2026-06-11 04:45:14,012 [INFO] Refreshing listener credentials
2026-06-11 04:45:14,081 [INFO] Scheduling next credential refresh in 1799.0 seconds
2026-06-11 04:46:50,546 [INFO] command processing is alive.
2026-06-11 04:51:50,936 [INFO] command processing is alive.
2026-06-11 04:56:51,343 [INFO] command processing is alive.
2026-06-11 05:01:51,771 [INFO] command processing is alive.
2026-06-11 05:06:52,168 [INFO] command processing is alive.
2026-06-11 05:11:52,589 [INFO] command processing is alive.
2026-06-11 05:15:13,082 [INFO] Refreshing listener credentials
2026-06-11 05:15:13,160 [INFO] Scheduling next credential refresh in 1799.0 seconds
2026-06-11 05:16:52,979 [INFO] command processing is alive.
2026-06-11 05:21:53,384 [INFO] command processing is alive.
2026-06-11 05:26:53,786 [INFO] command processing is alive.
2026-06-11 05:31:54,219 [INFO] command processing is alive.
2026-06-11 05:36:54,652 [INFO] command processing is alive.
2026-06-11 05:41:55,114 [INFO] command processing is alive.
2026-06-11 05:45:12,161 [INFO] Refreshing listener credentials
2026-06-11 05:45:12,248 [INFO] Scheduling next credential refresh in 1799.0 seconds
2026-06-11 05:46:55,528 [INFO] command processing is alive.
2026-06-11 05:51:55,969 [INFO] command processing is alive.
2026-06-11 05:56:56,442 [INFO] command processing is alive.
2026-06-11 06:01:56,962 [INFO] command processing is alive.
2026-06-11 06:06:57,439 [INFO] command processing is alive.
2026-06-11 06:11:57,891 [INFO] command processing is alive.
2026-06-11 06:15:11,248 [INFO] Refreshing listener credentials
2026-06-11 06:15:11,326 [INFO] Scheduling next credential refresh in 1799.0 seconds
2026-06-11 06:16:58,266 [INFO] command processing is alive.
2026-06-11 06:21:58,692 [INFO] command processing is alive.
2026-06-11 06:26:59,112 [INFO] command processing is alive.
2026-06-11 06:31:59,511 [INFO] command processing is alive.
2026-06-11 06:36:59,927 [INFO] command processing is alive.
2026-06-11 06:42:00,449 [INFO] command processing is alive.
2026-06-11 06:45:10,326 [INFO] Refreshing listener credentials
2026-06-11 06:45:10,412 [INFO] Scheduling next credential refresh in 1799.0 seconds
2026-06-11 06:47:00,878 [INFO] command processing is alive.
2026-06-11 06:52:01,396 [INFO] command processing is alive.
2026-06-11 06:57:01,934 [INFO] command processing is alive.
2026-06-11 07:02:02,420 [INFO] command processing is alive.
2026-06-11 07:07:02,970 [INFO] command processing is alive.
2026-06-11 07:12:03,480 [INFO] command processing is alive.
2026-06-11 07:15:09,413 [INFO] Refreshing listener credentials
2026-06-11 07:15:09,516 [INFO] Scheduling next credential refresh in 1799.0 seconds
2026-06-11 07:17:03,963 [INFO] command processing is alive.
2026-06-11 07:22:04,456 [INFO] command processing is alive.
2026-06-11 07:27:04,964 [INFO] command processing is alive.
2026-06-11 07:32:05,415 [INFO] command processing is alive.
2026-06-11 07:37:05,851 [INFO] command processing is alive.
2026-06-11 07:42:06,281 [INFO] command processing is alive.
2026-06-11 07:45:08,517 [INFO] Refreshing listener credentials
2026-06-11 07:45:08,607 [INFO] Scheduling next credential refresh in 1799.0 seconds
2026-06-11 07:47:06,710 [INFO] command processing is alive.
2026-06-11 07:52:07,138 [INFO] command processing is alive.
2026-06-11 07:57:07,561 [INFO] command processing is alive.
2026-06-11 08:02:07,982 [INFO] command processing is alive.
2026-06-11 08:07:08,466 [INFO] command processing is alive.
2026-06-11 08:12:08,922 [INFO] command processing is alive.
2026-06-11 08:15:07,608 [INFO] Refreshing listener credentials
2026-06-11 08:15:07,701 [INFO] Scheduling next credential refresh in 1799.0 seconds
2026-06-11 08:17:09,353 [INFO] command processing is alive.
2026-06-11 08:22:09,940 [INFO] command processing is alive.
2026-06-11 08:27:10,405 [INFO] command processing is alive.
2026-06-11 08:32:10,894 [INFO] command processing is alive.
2026-06-11 08:37:11,297 [INFO] command processing is alive.
2026-06-11 08:42:11,730 [INFO] command processing is alive.
2026-06-11 08:45:06,702 [INFO] Refreshing listener credentials
2026-06-11 08:45:06,780 [INFO] Scheduling next credential refresh in 1799.0 seconds
2026-06-11 08:47:12,192 [INFO] command processing is alive.
2026-06-11 08:52:12,648 [INFO] command processing is alive.
2026-06-11 08:57:13,090 [INFO] command processing is alive.
2026-06-11 09:02:13,495 [INFO] command processing is alive.
2026-06-11 09:07:13,902 [INFO] command processing is alive.
2026-06-11 09:12:14,346 [INFO] command processing is alive.
2026-06-11 09:15:05,781 [INFO] Refreshing listener credentials
2026-06-11 09:15:05,880 [INFO] Scheduling next credential refresh in 1799.0 seconds
2026-06-11 09:17:14,742 [INFO] command processing is alive.
2026-06-11 09:22:15,154 [INFO] command processing is alive.
2026-06-11 09:27:15,582 [INFO] command processing is alive.
2026-06-11 09:32:16,006 [INFO] command processing is alive.
2026-06-11 09:37:16,411 [INFO] command processing is alive.
2026-06-11 09:42:16,819 [INFO] command processing is alive.
2026-06-11 09:45:04,881 [INFO] Refreshing listener credentials
2026-06-11 09:45:04,964 [INFO] Scheduling next credential refresh in 1799.0 seconds
2026-06-11 09:47:17,218 [INFO] command processing is alive.
2026-06-11 09:52:17,629 [INFO] command processing is alive.
2026-06-11 09:57:18,062 [INFO] command processing is alive.
2026-06-11 09:59:31,022 [INFO] Received command ElasticBeanstalkCommand-AWSEBAutoScalingGroup (invocation id: 550eceda-1bcf-4ee6-bc18-010210438a95)
2026-06-11 09:59:31,022 [INFO] Running action for aws-eb-command-handler
2026-06-11 09:59:37,477 [INFO] Action for aws-eb-command-handler succeeded, returning SUCCESS
2026-06-11 10:00:03,547 [INFO] Received command ElasticBeanstalkCommand-AWSEBAutoScalingGroup (invocation id: e0fd9778-ff40-41b3-af35-54ba855188b6)
2026-06-11 10:00:03,547 [INFO] Running action for aws-eb-command-handler
2026-06-11 10:00:04,726 [INFO] Action for aws-eb-command-handler succeeded, returning SUCCESS
2026-06-11 10:00:30,762 [INFO] Received command ElasticBeanstalkCommand-AWSEBAutoScalingGroup (invocation id: a1e39b11-c957-4ff2-8bb4-6beca94da89b)
2026-06-11 10:00:30,763 [INFO] Running action for aws-eb-command-handler
2026-06-11 10:00:31,421 [INFO] Action for aws-eb-command-handler succeeded, returning SUCCESS
2026-06-11 10:01:13,641 [INFO] Received command ElasticBeanstalkCommand-AWSEBAutoScalingGroup (invocation id: 38d94e0a-54c0-4595-bff0-8609b0065569)
2026-06-11 10:01:13,641 [INFO] Running action for aws-eb-command-handler
2026-06-11 10:01:14,415 [INFO] Action for aws-eb-command-handler succeeded, returning SUCCESS
2026-06-11 10:02:34,592 [INFO] command processing is alive.
2026-06-11 10:03:41,510 [INFO] Received command ElasticBeanstalkCommand-AWSEBAutoScalingGroup (invocation id: ac022fcf-4c0e-438d-901b-75df15318438)
2026-06-11 10:03:41,510 [INFO] Running action for aws-eb-command-handler
2026-06-11 10:03:47,404 [INFO] Action for aws-eb-command-handler succeeded, returning SUCCESS
2026-06-11 10:04:14,809 [INFO] Received command ElasticBeanstalkCommand-AWSEBAutoScalingGroup (invocation id: 2ba5d096-9ad5-43d4-8840-1ab68b38eb14)
2026-06-11 10:04:14,810 [INFO] Running action for aws-eb-command-handler
2026-06-11 10:04:15,531 [INFO] Action for aws-eb-command-handler succeeded, returning SUCCESS
2026-06-11 10:05:29,310 [INFO] Received command ElasticBeanstalkCommand-AWSEBAutoScalingGroup (invocation id: 0d982fda-4d83-4ec3-9aba-a89d01e94af2)
2026-06-11 10:05:29,310 [INFO] Running action for aws-eb-command-handler
2026-06-11 10:05:34,885 [INFO] Action for aws-eb-command-handler succeeded, returning SUCCESS
2026-06-11 10:06:30,621 [INFO] Received command ElasticBeanstalkCommand-AWSEBAutoScalingGroup (invocation id: 6f79c880-95e6-4afa-a56d-c1930ff62c38)
2026-06-11 10:06:30,621 [INFO] Running action for aws-eb-command-handler
2026-06-11 10:06:31,351 [INFO] Action for aws-eb-command-handler succeeded, returning SUCCESS
2026-06-11 10:07:51,528 [INFO] command processing is alive.
2026-06-11 10:12:51,988 [INFO] command processing is alive.
2026-06-11 10:15:03,965 [INFO] Refreshing listener credentials
2026-06-11 10:15:04,060 [INFO] Scheduling next credential refresh in 1799.0 seconds
2026-06-11 10:17:52,443 [INFO] command processing is alive.
2026-06-11 10:22:52,905 [INFO] command processing is alive.
2026-06-11 10:27:53,343 [INFO] command processing is alive.
2026-06-11 10:32:53,775 [INFO] command processing is alive.
2026-06-11 10:37:54,225 [INFO] command processing is alive.
2026-06-11 10:42:54,631 [INFO] command processing is alive.
2026-06-11 10:45:03,061 [INFO] Refreshing listener credentials
2026-06-11 10:45:03,154 [INFO] Scheduling next credential refresh in 1799.0 seconds
2026-06-11 10:47:55,155 [INFO] command processing is alive.
2026-06-11 10:52:55,598 [INFO] command processing is alive.
2026-06-11 10:57:56,050 [INFO] command processing is alive.
2026-06-11 11:02:56,504 [INFO] command processing is alive.
2026-06-11 11:07:56,901 [INFO] command processing is alive.
2026-06-11 11:12:57,336 [INFO] command processing is alive.
2026-06-11 11:15:02,154 [INFO] Refreshing listener credentials
2026-06-11 11:15:02,331 [INFO] Scheduling next credential refresh in 1799.0 seconds
2026-06-11 11:17:57,764 [INFO] command processing is alive.
2026-06-11 11:22:58,211 [INFO] command processing is alive.
2026-06-11 11:27:58,686 [INFO] command processing is alive.
2026-06-11 11:32:59,105 [INFO] command processing is alive.
2026-06-11 11:37:59,536 [INFO] command processing is alive.
2026-06-11 11:42:59,958 [INFO] command processing is alive.
2026-06-11 11:45:01,332 [INFO] Refreshing listener credentials
2026-06-11 11:45:01,419 [INFO] Scheduling next credential refresh in 1799.0 seconds
2026-06-11 11:48:00,409 [INFO] command processing is alive.
2026-06-11 11:53:00,836 [INFO] command processing is alive.
2026-06-11 11:58:01,240 [INFO] command processing is alive.
2026-06-11 12:03:01,883 [INFO] command processing is alive.
2026-06-11 12:08:02,446 [INFO] command processing is alive.
2026-06-11 12:13:02,970 [INFO] command processing is alive.
2026-06-11 12:15:00,419 [INFO] Refreshing listener credentials
2026-06-11 12:15:00,509 [INFO] Scheduling next credential refresh in 1799.0 seconds
2026-06-11 12:18:03,512 [INFO] command processing is alive.
2026-06-11 12:23:04,006 [INFO] command processing is alive.
2026-06-11 12:28:04,574 [INFO] command processing is alive.
2026-06-11 12:33:05,057 [INFO] command processing is alive.
2026-06-11 12:38:05,508 [INFO] command processing is alive.
2026-06-11 12:43:06,003 [INFO] command processing is alive.
2026-06-11 12:44:59,509 [INFO] Refreshing listener credentials
2026-06-11 12:44:59,591 [INFO] Scheduling next credential refresh in 1799.0 seconds
2026-06-11 12:48:06,441 [INFO] command processing is alive.
2026-06-11 12:53:06,858 [INFO] command processing is alive.
2026-06-11 12:58:07,275 [INFO] command processing is alive.
2026-06-11 13:03:07,694 [INFO] command processing is alive.
2026-06-11 13:08:08,090 [INFO] command processing is alive.
2026-06-11 13:13:08,480 [INFO] command processing is alive.
2026-06-11 13:14:58,591 [INFO] Refreshing listener credentials
2026-06-11 13:14:58,668 [INFO] Scheduling next credential refresh in 1799.0 seconds
2026-06-11 13:18:08,903 [INFO] command processing is alive.
2026-06-11 13:23:09,331 [INFO] command processing is alive.
2026-06-11 13:28:09,822 [INFO] command processing is alive.
2026-06-11 13:33:10,275 [INFO] command processing is alive.
2026-06-11 13:38:10,709 [INFO] command processing is alive.
2026-06-11 13:43:11,123 [INFO] command processing is alive.
2026-06-11 13:44:57,668 [INFO] Refreshing listener credentials
2026-06-11 13:44:57,746 [INFO] Scheduling next credential refresh in 1799.0 seconds
2026-06-11 13:48:11,550 [INFO] command processing is alive.
2026-06-11 13:53:11,968 [INFO] command processing is alive.
2026-06-11 13:58:12,413 [INFO] command processing is alive.
2026-06-11 14:03:12,806 [INFO] command processing is alive.
2026-06-11 14:08:13,263 [INFO] command processing is alive.
2026-06-11 14:13:13,754 [INFO] command processing is alive.
2026-06-11 14:14:56,746 [INFO] Refreshing listener credentials
2026-06-11 14:14:56,834 [INFO] Scheduling next credential refresh in 1799.0 seconds
2026-06-11 14:18:14,182 [INFO] command processing is alive.
2026-06-11 14:23:14,589 [INFO] command processing is alive.
2026-06-11 14:28:15,005 [INFO] command processing is alive.
2026-06-11 14:33:15,467 [INFO] command processing is alive.
2026-06-11 14:38:15,874 [INFO] command processing is alive.
2026-06-11 14:43:16,275 [INFO] command processing is alive.
2026-06-11 14:44:55,834 [INFO] Refreshing listener credentials
2026-06-11 14:44:55,918 [INFO] Scheduling next credential refresh in 1799.0 seconds
2026-06-11 14:48:16,662 [INFO] command processing is alive.
2026-06-11 14:53:17,115 [INFO] command processing is alive.
2026-06-11 14:58:17,529 [INFO] command processing is alive.
2026-06-11 15:03:17,955 [INFO] command processing is alive.
2026-06-11 15:08:18,335 [INFO] command processing is alive.
2026-06-11 15:13:18,709 [INFO] command processing is alive.
2026-06-11 15:14:54,919 [INFO] Refreshing listener credentials
2026-06-11 15:14:55,002 [INFO] Scheduling next credential refresh in 1799.0 seconds
2026-06-11 15:18:19,135 [INFO] command processing is alive.
2026-06-11 15:23:19,521 [INFO] command processing is alive.
2026-06-11 15:28:19,910 [INFO] command processing is alive.
2026-06-11 15:33:20,346 [INFO] command processing is alive.
2026-06-11 15:38:20,772 [INFO] command processing is alive.
2026-06-11 15:43:21,152 [INFO] command processing is alive.
2026-06-11 15:44:54,002 [INFO] Refreshing listener credentials
2026-06-11 15:44:54,078 [INFO] Scheduling next credential refresh in 1799.0 seconds
2026-06-11 15:48:21,614 [INFO] command processing is alive.
2026-06-11 15:53:22,144 [INFO] command processing is alive.
2026-06-11 15:58:22,690 [INFO] command processing is alive.
2026-06-11 16:03:23,143 [INFO] command processing is alive.
2026-06-11 16:08:23,664 [INFO] command processing is alive.
2026-06-11 16:13:24,126 [INFO] command processing is alive.
2026-06-11 16:14:53,079 [INFO] Refreshing listener credentials
2026-06-11 16:14:53,175 [INFO] Scheduling next credential refresh in 1799.0 seconds
2026-06-11 16:18:24,580 [INFO] command processing is alive.
2026-06-11 16:23:25,001 [INFO] command processing is alive.
2026-06-11 16:28:25,425 [INFO] command processing is alive.
2026-06-11 16:33:25,868 [INFO] command processing is alive.
2026-06-11 16:38:26,328 [INFO] command processing is alive.
2026-06-11 16:43:26,742 [INFO] command processing is alive.
2026-06-11 16:44:52,176 [INFO] Refreshing listener credentials
2026-06-11 16:44:52,257 [INFO] Scheduling next credential refresh in 1799.0 seconds
2026-06-11 16:48:27,182 [INFO] command processing is alive.
2026-06-11 16:53:27,572 [INFO] command processing is alive.
2026-06-11 16:58:27,946 [INFO] command processing is alive.
2026-06-11 17:03:28,336 [INFO] command processing is alive.
2026-06-11 17:08:28,700 [INFO] command processing is alive.
2026-06-11 17:13:29,081 [INFO] command processing is alive.
2026-06-11 17:14:51,257 [INFO] Refreshing listener credentials
2026-06-11 17:14:51,330 [INFO] Scheduling next credential refresh in 1799.0 seconds
2026-06-11 17:18:29,462 [INFO] command processing is alive.
2026-06-11 17:23:29,848 [INFO] command processing is alive.
2026-06-11 17:28:30,263 [INFO] command processing is alive.
2026-06-11 17:33:30,646 [INFO] command processing is alive.
2026-06-11 17:38:31,029 [INFO] command processing is alive.
2026-06-11 17:43:31,406 [INFO] command processing is alive.
2026-06-11 17:44:50,331 [INFO] Refreshing listener credentials
2026-06-11 17:44:50,398 [INFO] Scheduling next credential refresh in 1799.0 seconds
2026-06-11 17:48:31,788 [INFO] command processing is alive.
2026-06-11 17:53:32,152 [INFO] command processing is alive.
2026-06-11 17:58:32,537 [INFO] command processing is alive.
2026-06-11 18:03:32,921 [INFO] command processing is alive.
2026-06-11 18:08:33,295 [INFO] command processing is alive.
2026-06-11 18:13:33,681 [INFO] command processing is alive.
2026-06-11 18:14:49,398 [INFO] Refreshing listener credentials
2026-06-11 18:14:49,470 [INFO] Scheduling next credential refresh in 1799.0 seconds
2026-06-11 18:18:34,084 [INFO] command processing is alive.
2026-06-11 18:23:34,459 [INFO] command processing is alive.
2026-06-11 18:28:34,841 [INFO] command processing is alive.
2026-06-11 18:33:35,248 [INFO] command processing is alive.
2026-06-11 18:38:35,630 [INFO] command processing is alive.
2026-06-11 18:43:36,033 [INFO] command processing is alive.
2026-06-11 18:44:48,470 [INFO] Refreshing listener credentials
2026-06-11 18:44:48,538 [INFO] Scheduling next credential refresh in 1799.0 seconds
2026-06-11 18:48:36,413 [INFO] command processing is alive.
2026-06-11 18:53:36,811 [INFO] command processing is alive.
2026-06-11 18:58:37,201 [INFO] command processing is alive.
2026-06-11 19:03:37,615 [INFO] command processing is alive.
2026-06-11 19:08:37,991 [INFO] command processing is alive.
2026-06-11 19:13:38,382 [INFO] command processing is alive.
2026-06-11 19:14:47,539 [INFO] Refreshing listener credentials
2026-06-11 19:14:47,614 [INFO] Scheduling next credential refresh in 1799.0 seconds
2026-06-11 19:18:38,763 [INFO] command processing is alive.
2026-06-11 19:23:39,124 [INFO] command processing is alive.
2026-06-11 19:28:39,505 [INFO] command processing is alive.
2026-06-11 19:33:39,916 [INFO] command processing is alive.
2026-06-11 19:38:40,324 [INFO] command processing is alive.
2026-06-11 19:43:40,699 [INFO] command processing is alive.
2026-06-11 19:44:46,614 [INFO] Refreshing listener credentials
2026-06-11 19:44:46,686 [INFO] Scheduling next credential refresh in 1799.0 seconds
2026-06-11 19:48:41,065 [INFO] command processing is alive.
2026-06-11 19:53:41,559 [INFO] command processing is alive.
2026-06-11 19:58:42,199 [INFO] command processing is alive.
2026-06-11 20:03:42,739 [INFO] command processing is alive.
2026-06-11 20:08:43,224 [INFO] command processing is alive.
2026-06-11 20:13:43,710 [INFO] command processing is alive.
2026-06-11 20:14:45,686 [INFO] Refreshing listener credentials
2026-06-11 20:14:45,766 [INFO] Scheduling next credential refresh in 1799.0 seconds
2026-06-11 20:18:44,087 [INFO] command processing is alive.
2026-06-11 20:23:44,480 [INFO] command processing is alive.
2026-06-11 20:28:44,868 [INFO] command processing is alive.
2026-06-11 20:33:45,292 [INFO] command processing is alive.
2026-06-11 20:38:45,682 [INFO] command processing is alive.
2026-06-11 20:43:46,092 [INFO] command processing is alive.
2026-06-11 20:44:44,766 [INFO] Refreshing listener credentials
2026-06-11 20:44:44,836 [INFO] Scheduling next credential refresh in 1799.0 seconds
2026-06-11 20:48:46,461 [INFO] command processing is alive.
2026-06-11 20:53:46,850 [INFO] command processing is alive.
2026-06-11 20:58:47,227 [INFO] command processing is alive.
2026-06-11 21:03:47,599 [INFO] command processing is alive.
2026-06-11 21:08:47,969 [INFO] command processing is alive.
2026-06-11 21:13:48,333 [INFO] command processing is alive.
2026-06-11 21:14:43,836 [INFO] Refreshing listener credentials
2026-06-11 21:14:43,909 [INFO] Scheduling next credential refresh in 1799.0 seconds
2026-06-11 21:18:48,707 [INFO] command processing is alive.
2026-06-11 21:23:49,093 [INFO] command processing is alive.
2026-06-11 21:28:49,490 [INFO] command processing is alive.
2026-06-11 21:33:49,859 [INFO] command processing is alive.
2026-06-11 21:38:50,263 [INFO] command processing is alive.
2026-06-11 21:43:50,633 [INFO] command processing is alive.
2026-06-11 21:44:42,909 [INFO] Refreshing listener credentials
2026-06-11 21:44:42,986 [INFO] Scheduling next credential refresh in 1799.0 seconds
2026-06-11 21:48:51,009 [INFO] command processing is alive.
2026-06-11 21:53:51,377 [INFO] command processing is alive.
2026-06-11 21:58:51,746 [INFO] command processing is alive.
2026-06-11 22:03:52,103 [INFO] command processing is alive.
2026-06-11 22:08:52,479 [INFO] command processing is alive.
2026-06-11 22:13:52,858 [INFO] command processing is alive.
2026-06-11 22:14:41,986 [INFO] Refreshing listener credentials
2026-06-11 22:14:42,073 [INFO] Scheduling next credential refresh in 1799.0 seconds
2026-06-11 22:18:53,231 [INFO] command processing is alive.
2026-06-11 22:23:53,579 [INFO] command processing is alive.
2026-06-11 22:28:53,949 [INFO] command processing is alive.
2026-06-11 22:33:54,321 [INFO] command processing is alive.
2026-06-11 22:38:54,690 [INFO] command processing is alive.
2026-06-11 22:43:55,056 [INFO] command processing is alive.
2026-06-11 22:44:41,073 [INFO] Refreshing listener credentials
2026-06-11 22:44:41,148 [INFO] Scheduling next credential refresh in 1799.0 seconds
2026-06-11 22:48:55,406 [INFO] command processing is alive.
2026-06-11 22:53:55,806 [INFO] command processing is alive.
2026-06-11 22:58:56,232 [INFO] command processing is alive.
2026-06-11 23:03:56,600 [INFO] command processing is alive.
2026-06-11 23:08:56,965 [INFO] command processing is alive.
2026-06-11 23:13:57,322 [INFO] command processing is alive.
2026-06-11 23:14:40,149 [INFO] Refreshing listener credentials
2026-06-11 23:14:40,220 [INFO] Scheduling next credential refresh in 1799.0 seconds
2026-06-11 23:18:57,708 [INFO] command processing is alive.
2026-06-11 23:23:58,082 [INFO] command processing is alive.
2026-06-11 23:28:58,454 [INFO] command processing is alive.
2026-06-11 23:33:58,814 [INFO] command processing is alive.
2026-06-11 23:38:59,174 [INFO] command processing is alive.
2026-06-11 23:43:59,541 [INFO] command processing is alive.
2026-06-11 23:44:39,221 [INFO] Refreshing listener credentials
2026-06-11 23:44:39,291 [INFO] Scheduling next credential refresh in 1799.0 seconds
2026-06-11 23:48:59,926 [INFO] command processing is alive.
2026-06-11 23:54:00,341 [INFO] command processing is alive.
2026-06-11 23:59:00,711 [INFO] command processing is alive.
2026-06-12 00:04:01,120 [INFO] command processing is alive.
2026-06-12 00:09:01,595 [INFO] command processing is alive.
2026-06-12 00:14:02,123 [INFO] command processing is alive.
2026-06-12 00:14:38,292 [INFO] Refreshing listener credentials
2026-06-12 00:14:38,366 [INFO] Scheduling next credential refresh in 1799.0 seconds
2026-06-12 00:19:02,637 [INFO] command processing is alive.
2026-06-12 00:24:03,221 [INFO] command processing is alive.
2026-06-12 00:29:03,625 [INFO] command processing is alive.
2026-06-12 00:34:04,023 [INFO] command processing is alive.
2026-06-12 00:39:04,408 [INFO] command processing is alive.
2026-06-12 00:44:04,767 [INFO] command processing is alive.
2026-06-12 00:44:37,366 [INFO] Refreshing listener credentials
2026-06-12 00:44:37,450 [INFO] Scheduling next credential refresh in 1799.0 seconds
2026-06-12 00:49:05,156 [INFO] command processing is alive.
2026-06-12 00:54:05,542 [INFO] command processing is alive.
2026-06-12 00:59:05,966 [INFO] command processing is alive.
2026-06-12 01:04:06,359 [INFO] command processing is alive.
2026-06-12 01:09:06,754 [INFO] command processing is alive.
2026-06-12 01:14:07,131 [INFO] command processing is alive.
2026-06-12 01:14:36,451 [INFO] Refreshing listener credentials
2026-06-12 01:14:36,518 [INFO] Scheduling next credential refresh in 1799.0 seconds
2026-06-12 01:19:07,505 [INFO] command processing is alive.
2026-06-12 01:24:07,894 [INFO] command processing is alive.
2026-06-12 01:29:08,282 [INFO] command processing is alive.
2026-06-12 01:34:08,668 [INFO] command processing is alive.
2026-06-12 01:39:09,054 [INFO] command processing is alive.
2026-06-12 01:44:09,421 [INFO] command processing is alive.
2026-06-12 01:44:35,518 [INFO] Refreshing listener credentials
2026-06-12 01:44:35,595 [INFO] Scheduling next credential refresh in 1799.0 seconds
2026-06-12 01:49:09,775 [INFO] command processing is alive.
2026-06-12 01:54:10,125 [INFO] command processing is alive.
2026-06-12 01:59:10,483 [INFO] command processing is alive.
2026-06-12 02:04:10,860 [INFO] command processing is alive.
2026-06-12 02:09:11,240 [INFO] command processing is alive.
2026-06-12 02:14:11,611 [INFO] command processing is alive.
2026-06-12 02:14:34,596 [INFO] Refreshing listener credentials
2026-06-12 02:14:34,672 [INFO] Scheduling next credential refresh in 1799.0 seconds
2026-06-12 02:19:11,984 [INFO] command processing is alive.
2026-06-12 02:24:12,369 [INFO] command processing is alive.
2026-06-12 02:29:12,750 [INFO] command processing is alive.
2026-06-12 02:34:13,109 [INFO] command processing is alive.
2026-06-12 02:39:13,486 [INFO] command processing is alive.
2026-06-12 02:44:13,869 [INFO] command processing is alive.
2026-06-12 02:44:33,672 [INFO] Refreshing listener credentials
2026-06-12 02:44:33,745 [INFO] Scheduling next credential refresh in 1799.0 seconds
2026-06-12 02:49:14,309 [INFO] command processing is alive.
2026-06-12 02:54:14,679 [INFO] command processing is alive.
2026-06-12 02:59:15,069 [INFO] command processing is alive.
2026-06-12 03:04:15,473 [INFO] command processing is alive.
2026-06-12 03:09:15,848 [INFO] command processing is alive.
2026-06-12 03:14:16,206 [INFO] command processing is alive.
2026-06-12 03:14:32,745 [INFO] Refreshing listener credentials
2026-06-12 03:14:32,823 [INFO] Scheduling next credential refresh in 1799.0 seconds
2026-06-12 03:19:16,635 [INFO] command processing is alive.
2026-06-12 03:24:17,000 [INFO] command processing is alive.
2026-06-12 03:29:17,385 [INFO] command processing is alive.
2026-06-12 03:34:17,752 [INFO] command processing is alive.
2026-06-12 03:39:18,125 [INFO] command processing is alive.
2026-06-12 03:44:18,495 [INFO] command processing is alive.
2026-06-12 03:44:31,824 [INFO] Refreshing listener credentials
2026-06-12 03:44:31,898 [INFO] Scheduling next credential refresh in 1799.0 seconds
2026-06-12 03:49:18,903 [INFO] command processing is alive.
2026-06-12 03:54:19,267 [INFO] command processing is alive.
2026-06-12 03:59:19,652 [INFO] command processing is alive.
2026-06-12 04:04:20,082 [INFO] command processing is alive.
2026-06-12 04:09:20,463 [INFO] command processing is alive.
2026-06-12 04:14:20,862 [INFO] command processing is alive.
2026-06-12 04:14:30,899 [INFO] Refreshing listener credentials
2026-06-12 04:14:30,974 [INFO] Scheduling next credential refresh in 1799.0 seconds
2026-06-12 04:19:21,290 [INFO] command processing is alive.
2026-06-12 04:24:21,866 [INFO] command processing is alive.
2026-06-12 04:29:22,300 [INFO] command processing is alive.
2026-06-12 04:34:22,866 [INFO] command processing is alive.
2026-06-12 04:39:23,374 [INFO] command processing is alive.
2026-06-12 04:44:23,883 [INFO] command processing is alive.
2026-06-12 04:44:29,974 [INFO] Refreshing listener credentials
2026-06-12 04:44:30,066 [INFO] Scheduling next credential refresh in 1799.0 seconds
2026-06-12 04:49:24,338 [INFO] command processing is alive.
2026-06-12 04:54:24,735 [INFO] command processing is alive.
2026-06-12 04:59:25,118 [INFO] command processing is alive.
2026-06-12 05:04:25,579 [INFO] command processing is alive.
2026-06-12 05:09:25,994 [INFO] command processing is alive.
2026-06-12 05:14:26,386 [INFO] command processing is alive.
2026-06-12 05:14:29,067 [INFO] Refreshing listener credentials
2026-06-12 05:14:29,138 [INFO] Scheduling next credential refresh in 1799.0 seconds
2026-06-12 05:19:26,782 [INFO] command processing is alive.
2026-06-12 05:24:27,169 [INFO] command processing is alive.
2026-06-12 05:29:27,590 [INFO] command processing is alive.
2026-06-12 05:34:27,974 [INFO] command processing is alive.
2026-06-12 05:39:28,377 [INFO] command processing is alive.
2026-06-12 05:44:28,139 [INFO] Refreshing listener credentials
2026-06-12 05:44:28,216 [INFO] Scheduling next credential refresh in 1799.0 seconds
2026-06-12 05:44:28,778 [INFO] command processing is alive.
2026-06-12 05:49:29,199 [INFO] command processing is alive.
2026-06-12 05:54:29,602 [INFO] command processing is alive.
2026-06-12 05:59:29,995 [INFO] command processing is alive.
2026-06-12 06:04:30,421 [INFO] command processing is alive.
2026-06-12 06:09:30,877 [INFO] command processing is alive.
2026-06-12 06:14:27,217 [INFO] Refreshing listener credentials
2026-06-12 06:14:27,309 [INFO] Scheduling next credential refresh in 1799.0 seconds
2026-06-12 06:14:31,335 [INFO] command processing is alive.
2026-06-12 06:19:31,771 [INFO] command processing is alive.
2026-06-12 06:24:32,246 [INFO] command processing is alive.
2026-06-12 06:29:32,685 [INFO] command processing is alive.
2026-06-12 06:34:33,080 [INFO] command processing is alive.
2026-06-12 06:39:33,492 [INFO] command processing is alive.
2026-06-12 06:44:26,310 [INFO] Refreshing listener credentials
2026-06-12 06:44:26,396 [INFO] Scheduling next credential refresh in 1799.0 seconds
2026-06-12 06:44:33,886 [INFO] command processing is alive.
2026-06-12 06:49:34,360 [INFO] command processing is alive.
2026-06-12 06:54:34,763 [INFO] command processing is alive.
2026-06-12 06:59:35,216 [INFO] command processing is alive.
2026-06-12 07:04:35,654 [INFO] command processing is alive.
2026-06-12 07:09:36,075 [INFO] command processing is alive.
2026-06-12 07:14:25,397 [INFO] Refreshing listener credentials
2026-06-12 07:14:25,500 [INFO] Scheduling next credential refresh in 1799.0 seconds
2026-06-12 07:14:36,545 [INFO] command processing is alive.
2026-06-12 07:19:36,996 [INFO] command processing is alive.
2026-06-12 07:24:37,428 [INFO] command processing is alive.
2026-06-12 07:29:37,861 [INFO] command processing is alive.
2026-06-12 07:34:38,342 [INFO] command processing is alive.
2026-06-12 07:39:38,794 [INFO] command processing is alive.
2026-06-12 07:44:24,501 [INFO] Refreshing listener credentials
2026-06-12 07:44:24,581 [INFO] Scheduling next credential refresh in 1799.0 seconds
2026-06-12 07:44:39,204 [INFO] command processing is alive.
2026-06-12 07:49:39,628 [INFO] command processing is alive.
2026-06-12 07:54:40,036 [INFO] command processing is alive.
2026-06-12 07:59:40,480 [INFO] command processing is alive.
2026-06-12 08:04:40,992 [INFO] command processing is alive.
2026-06-12 08:09:41,520 [INFO] command processing is alive.
2026-06-12 08:14:23,581 [INFO] Refreshing listener credentials
2026-06-12 08:14:23,683 [INFO] Scheduling next credential refresh in 1799.0 seconds
2026-06-12 08:14:42,109 [INFO] command processing is alive.
2026-06-12 08:19:42,610 [INFO] command processing is alive.
2026-06-12 08:24:43,188 [INFO] command processing is alive.
2026-06-12 08:29:43,703 [INFO] command processing is alive.
2026-06-12 08:34:44,242 [INFO] command processing is alive.
2026-06-12 08:39:44,706 [INFO] command processing is alive.
2026-06-12 08:44:22,683 [INFO] Refreshing listener credentials
2026-06-12 08:44:22,765 [INFO] Scheduling next credential refresh in 1799.0 seconds
2026-06-12 08:44:45,178 [INFO] command processing is alive.
2026-06-12 08:49:45,597 [INFO] command processing is alive.
2026-06-12 08:54:46,051 [INFO] command processing is alive.
2026-06-12 08:59:46,554 [INFO] command processing is alive.
2026-06-12 09:04:47,077 [INFO] command processing is alive.
2026-06-12 09:09:47,504 [INFO] command processing is alive.
2026-06-12 09:14:21,765 [INFO] Refreshing listener credentials
2026-06-12 09:14:21,856 [INFO] Scheduling next credential refresh in 1799.0 seconds
2026-06-12 09:14:47,935 [INFO] command processing is alive.
2026-06-12 09:19:48,342 [INFO] command processing is alive.
2026-06-12 09:24:48,766 [INFO] command processing is alive.
2026-06-12 09:29:49,207 [INFO] command processing is alive.
2026-06-12 09:34:49,662 [INFO] command processing is alive.
2026-06-12 09:39:50,141 [INFO] command processing is alive.
2026-06-12 09:44:20,857 [INFO] Refreshing listener credentials
2026-06-12 09:44:20,940 [INFO] Scheduling next credential refresh in 1799.0 seconds
2026-06-12 09:44:50,604 [INFO] command processing is alive.
2026-06-12 09:49:51,085 [INFO] command processing is alive.
2026-06-12 09:54:51,565 [INFO] command processing is alive.
2026-06-12 09:59:52,049 [INFO] command processing is alive.
2026-06-12 10:04:52,509 [INFO] command processing is alive.
2026-06-12 10:09:52,956 [INFO] command processing is alive.
2026-06-12 10:14:19,941 [INFO] Refreshing listener credentials
2026-06-12 10:14:20,031 [INFO] Scheduling next credential refresh in 1799.0 seconds
2026-06-12 10:14:53,415 [INFO] command processing is alive.
2026-06-12 10:19:53,873 [INFO] command processing is alive.
2026-06-12 10:24:54,307 [INFO] command processing is alive.
2026-06-12 10:29:54,823 [INFO] command processing is alive.
2026-06-12 10:34:55,248 [INFO] command processing is alive.
2026-06-12 10:39:55,744 [INFO] command processing is alive.
2026-06-12 10:44:19,031 [INFO] Refreshing listener credentials
2026-06-12 10:44:19,114 [INFO] Scheduling next credential refresh in 1799.0 seconds
2026-06-12 10:44:56,210 [INFO] command processing is alive.
2026-06-12 10:49:56,607 [INFO] command processing is alive.
2026-06-12 10:54:57,087 [INFO] command processing is alive.
2026-06-12 10:59:57,535 [INFO] command processing is alive.
2026-06-12 11:04:57,996 [INFO] command processing is alive.
2026-06-12 11:09:58,471 [INFO] command processing is alive.
2026-06-12 11:14:18,115 [INFO] Refreshing listener credentials
2026-06-12 11:14:18,215 [INFO] Scheduling next credential refresh in 1799.0 seconds
2026-06-12 11:14:58,931 [INFO] command processing is alive.
2026-06-12 11:19:59,412 [INFO] command processing is alive.
2026-06-12 11:24:59,851 [INFO] command processing is alive.
2026-06-12 11:30:00,338 [INFO] command processing is alive.
2026-06-12 11:35:00,879 [INFO] command processing is alive.
2026-06-12 11:40:01,357 [INFO] command processing is alive.
2026-06-12 11:44:17,216 [INFO] Refreshing listener credentials
2026-06-12 11:44:17,298 [INFO] Scheduling next credential refresh in 1799.0 seconds
2026-06-12 11:45:01,854 [INFO] command processing is alive.
2026-06-12 11:50:02,477 [INFO] command processing is alive.
2026-06-12 11:55:03,099 [INFO] command processing is alive.
2026-06-12 12:00:03,727 [INFO] command processing is alive.
2026-06-12 12:05:04,257 [INFO] command processing is alive.
2026-06-12 12:10:04,750 [INFO] command processing is alive.
2026-06-12 12:14:16,299 [INFO] Refreshing listener credentials
2026-06-12 12:14:16,394 [INFO] Scheduling next credential refresh in 1799.0 seconds
2026-06-12 12:15:05,299 [INFO] command processing is alive.
2026-06-12 12:20:05,772 [INFO] command processing is alive.
2026-06-12 12:25:06,366 [INFO] command processing is alive.
2026-06-12 12:30:06,904 [INFO] command processing is alive.
2026-06-12 12:35:07,342 [INFO] command processing is alive.
2026-06-12 12:40:07,796 [INFO] command processing is alive.
2026-06-12 12:44:15,395 [INFO] Refreshing listener credentials
2026-06-12 12:44:15,482 [INFO] Scheduling next credential refresh in 1799.0 seconds
2026-06-12 12:45:08,301 [INFO] command processing is alive.
2026-06-12 12:50:08,831 [INFO] command processing is alive.
2026-06-12 12:55:09,243 [INFO] command processing is alive.
2026-06-12 13:00:09,663 [INFO] command processing is alive.
2026-06-12 13:05:10,124 [INFO] command processing is alive.
2026-06-12 13:10:10,551 [INFO] command processing is alive.
2026-06-12 13:14:14,483 [INFO] Refreshing listener credentials
2026-06-12 13:14:14,569 [INFO] Scheduling next credential refresh in 1799.0 seconds
2026-06-12 13:15:10,982 [INFO] command processing is alive.
2026-06-12 13:20:11,404 [INFO] command processing is alive.
2026-06-12 13:25:11,837 [INFO] command processing is alive.
2026-06-12 13:30:12,269 [INFO] command processing is alive.
2026-06-12 13:35:12,658 [INFO] command processing is alive.
2026-06-12 13:40:13,080 [INFO] command processing is alive.
2026-06-12 13:44:13,570 [INFO] Refreshing listener credentials
2026-06-12 13:44:13,662 [INFO] Scheduling next credential refresh in 1799.0 seconds
2026-06-12 13:45:13,509 [INFO] command processing is alive.
2026-06-12 13:50:13,916 [INFO] command processing is alive.
2026-06-12 13:55:14,295 [INFO] command processing is alive.
2026-06-12 14:00:14,689 [INFO] command processing is alive.
2026-06-12 14:05:15,133 [INFO] command processing is alive.
2026-06-12 14:10:15,538 [INFO] command processing is alive.
2026-06-12 14:14:12,662 [INFO] Refreshing listener credentials
2026-06-12 14:14:12,735 [INFO] Scheduling next credential refresh in 1799.0 seconds
2026-06-12 14:15:15,925 [INFO] command processing is alive.
2026-06-12 14:20:16,319 [INFO] command processing is alive.
2026-06-12 14:25:16,709 [INFO] command processing is alive.
2026-06-12 14:30:17,101 [INFO] command processing is alive.
2026-06-12 14:35:17,530 [INFO] command processing is alive.
2026-06-12 14:40:17,934 [INFO] command processing is alive.
2026-06-12 14:44:11,735 [INFO] Refreshing listener credentials
2026-06-12 14:44:11,815 [INFO] Scheduling next credential refresh in 1799.0 seconds
2026-06-12 14:45:18,313 [INFO] command processing is alive.
2026-06-12 14:50:18,727 [INFO] command processing is alive.
2026-06-12 14:55:19,118 [INFO] command processing is alive.
2026-06-12 15:00:19,519 [INFO] command processing is alive.
2026-06-12 15:05:19,908 [INFO] command processing is alive.
2026-06-12 15:10:20,345 [INFO] command processing is alive.
2026-06-12 15:14:10,815 [INFO] Refreshing listener credentials
2026-06-12 15:14:10,892 [INFO] Scheduling next credential refresh in 1799.0 seconds
2026-06-12 15:15:20,721 [INFO] command processing is alive.
2026-06-12 15:20:21,089 [INFO] command processing is alive.
2026-06-12 15:25:21,505 [INFO] command processing is alive.
2026-06-12 15:30:22,014 [INFO] command processing is alive.
2026-06-12 15:35:22,511 [INFO] command processing is alive.
2026-06-12 15:40:22,983 [INFO] command processing is alive.
2026-06-12 15:44:09,893 [INFO] Refreshing listener credentials
2026-06-12 15:44:09,982 [INFO] Scheduling next credential refresh in 1799.0 seconds
2026-06-12 15:45:23,436 [INFO] command processing is alive.
2026-06-12 15:50:23,859 [INFO] command processing is alive.
2026-06-12 15:55:24,273 [INFO] command processing is alive.
2026-06-12 16:00:24,672 [INFO] command processing is alive.
2026-06-12 16:05:25,082 [INFO] command processing is alive.
2026-06-12 16:10:25,482 [INFO] command processing is alive.
2026-06-12 16:14:08,983 [INFO] Refreshing listener credentials
2026-06-12 16:14:09,077 [INFO] Scheduling next credential refresh in 1799.0 seconds
2026-06-12 16:15:25,921 [INFO] command processing is alive.
2026-06-12 16:20:26,315 [INFO] command processing is alive.
2026-06-12 16:25:26,696 [INFO] command processing is alive.
2026-06-12 16:30:27,109 [INFO] command processing is alive.
2026-06-12 16:35:27,481 [INFO] command processing is alive.
2026-06-12 16:40:27,873 [INFO] command processing is alive.
2026-06-12 16:44:08,078 [INFO] Refreshing listener credentials
2026-06-12 16:44:08,165 [INFO] Scheduling next credential refresh in 1799.0 seconds
2026-06-12 16:45:28,258 [INFO] command processing is alive.
2026-06-12 16:50:28,633 [INFO] command processing is alive.
2026-06-12 16:55:29,057 [INFO] command processing is alive.
2026-06-12 17:00:29,415 [INFO] command processing is alive.
2026-06-12 17:05:29,809 [INFO] command processing is alive.
2026-06-12 17:10:30,194 [INFO] command processing is alive.
2026-06-12 17:14:07,166 [INFO] Refreshing listener credentials
2026-06-12 17:14:07,255 [INFO] Scheduling next credential refresh in 1799.0 seconds
2026-06-12 17:15:30,569 [INFO] command processing is alive.
2026-06-12 17:20:30,944 [INFO] command processing is alive.
2026-06-12 17:25:31,313 [INFO] command processing is alive.
2026-06-12 17:30:31,681 [INFO] command processing is alive.
2026-06-12 17:35:32,049 [INFO] command processing is alive.
2026-06-12 17:40:32,444 [INFO] command processing is alive.
2026-06-12 17:44:06,256 [INFO] Refreshing listener credentials
2026-06-12 17:44:06,357 [INFO] Scheduling next credential refresh in 1799.0 seconds
2026-06-12 17:45:32,801 [INFO] command processing is alive.
2026-06-12 17:50:33,183 [INFO] command processing is alive.
2026-06-12 17:55:33,564 [INFO] command processing is alive.
2026-06-12 18:00:33,951 [INFO] command processing is alive.
2026-06-12 18:05:34,336 [INFO] command processing is alive.
2026-06-12 18:10:34,719 [INFO] command processing is alive.
2026-06-12 18:14:05,357 [INFO] Refreshing listener credentials
2026-06-12 18:14:05,463 [INFO] Scheduling next credential refresh in 1799.0 seconds
2026-06-12 18:15:35,093 [INFO] command processing is alive.
2026-06-12 18:20:35,447 [INFO] command processing is alive.
2026-06-12 18:25:35,813 [INFO] command processing is alive.
2026-06-12 18:30:36,165 [INFO] command processing is alive.
2026-06-12 18:35:36,586 [INFO] command processing is alive.
2026-06-12 18:40:36,954 [INFO] command processing is alive.
2026-06-12 18:44:04,463 [INFO] Refreshing listener credentials
2026-06-12 18:44:04,549 [INFO] Scheduling next credential refresh in 1799.0 seconds
2026-06-12 18:45:37,321 [INFO] command processing is alive.
2026-06-12 18:50:37,680 [INFO] command processing is alive.
2026-06-12 18:55:38,054 [INFO] command processing is alive.
2026-06-12 19:00:38,436 [INFO] command processing is alive.
2026-06-12 19:05:38,814 [INFO] command processing is alive.
2026-06-12 19:10:39,173 [INFO] command processing is alive.
2026-06-12 19:14:03,550 [INFO] Refreshing listener credentials
2026-06-12 19:14:03,633 [INFO] Scheduling next credential refresh in 1799.0 seconds
2026-06-12 19:15:39,542 [INFO] command processing is alive.
2026-06-12 19:20:39,920 [INFO] command processing is alive.
2026-06-12 19:25:40,337 [INFO] command processing is alive.
2026-06-12 19:30:40,700 [INFO] command processing is alive.
2026-06-12 19:35:41,070 [INFO] command processing is alive.
2026-06-12 19:40:41,491 [INFO] command processing is alive.
2026-06-12 19:44:02,634 [INFO] Refreshing listener credentials
2026-06-12 19:44:02,754 [INFO] Scheduling next credential refresh in 1799.0 seconds
2026-06-12 19:45:41,958 [INFO] command processing is alive.
2026-06-12 19:50:42,470 [INFO] command processing is alive.
2026-06-12 19:55:42,951 [INFO] command processing is alive.
2026-06-12 20:00:43,447 [INFO] command processing is alive.
2026-06-12 20:05:43,841 [INFO] command processing is alive.
2026-06-12 20:10:44,217 [INFO] command processing is alive.
2026-06-12 20:14:01,754 [INFO] Refreshing listener credentials
2026-06-12 20:14:01,863 [INFO] Scheduling next credential refresh in 1799.0 seconds
2026-06-12 20:15:44,597 [INFO] command processing is alive.
2026-06-12 20:20:44,979 [INFO] command processing is alive.
2026-06-12 20:25:45,349 [INFO] command processing is alive.
2026-06-12 20:30:45,745 [INFO] command processing is alive.
2026-06-12 20:35:46,138 [INFO] command processing is alive.
2026-06-12 20:40:46,532 [INFO] command processing is alive.
2026-06-12 20:44:00,864 [INFO] Refreshing listener credentials
2026-06-12 20:44:00,938 [INFO] Scheduling next credential refresh in 1799.0 seconds
2026-06-12 20:45:46,896 [INFO] command processing is alive.
2026-06-12 20:50:47,268 [INFO] command processing is alive.
2026-06-12 20:55:47,679 [INFO] command processing is alive.
2026-06-12 21:00:48,061 [INFO] command processing is alive.
2026-06-12 21:05:48,459 [INFO] command processing is alive.
2026-06-12 21:10:48,849 [INFO] command processing is alive.
2026-06-12 21:13:59,938 [INFO] Refreshing listener credentials
2026-06-12 21:14:00,026 [INFO] Scheduling next credential refresh in 1799.0 seconds
2026-06-12 21:15:49,236 [INFO] command processing is alive.
2026-06-12 21:20:49,594 [INFO] command processing is alive.
2026-06-12 21:25:49,990 [INFO] command processing is alive.
2026-06-12 21:30:50,361 [INFO] command processing is alive.
2026-06-12 21:35:50,729 [INFO] command processing is alive.
2026-06-12 21:40:51,086 [INFO] command processing is alive.
2026-06-12 21:43:59,027 [INFO] Refreshing listener credentials
2026-06-12 21:43:59,097 [INFO] Scheduling next credential refresh in 1799.0 seconds
2026-06-12 21:45:51,466 [INFO] command processing is alive.
2026-06-12 21:50:51,813 [INFO] command processing is alive.
2026-06-12 21:55:52,209 [INFO] command processing is alive.
2026-06-12 22:00:52,573 [INFO] command processing is alive.
2026-06-12 22:05:52,932 [INFO] command processing is alive.
2026-06-12 22:10:53,286 [INFO] command processing is alive.
2026-06-12 22:13:58,097 [INFO] Refreshing listener credentials
2026-06-12 22:13:58,174 [INFO] Scheduling next credential refresh in 1799.0 seconds
2026-06-12 22:15:53,668 [INFO] command processing is alive.
2026-06-12 22:20:54,045 [INFO] command processing is alive.
2026-06-12 22:25:54,408 [INFO] command processing is alive.
2026-06-12 22:30:54,776 [INFO] command processing is alive.
2026-06-12 22:35:55,152 [INFO] command processing is alive.
2026-06-12 22:40:55,533 [INFO] command processing is alive.
2026-06-12 22:43:57,175 [INFO] Refreshing listener credentials
2026-06-12 22:43:57,248 [INFO] Scheduling next credential refresh in 1799.0 seconds
2026-06-12 22:45:55,931 [INFO] command processing is alive.
2026-06-12 22:50:56,313 [INFO] command processing is alive.
2026-06-12 22:55:56,690 [INFO] command processing is alive.
2026-06-12 23:00:57,079 [INFO] command processing is alive.
2026-06-12 23:05:57,442 [INFO] command processing is alive.
2026-06-12 23:10:57,826 [INFO] command processing is alive.
2026-06-12 23:13:56,249 [INFO] Refreshing listener credentials
2026-06-12 23:13:56,319 [INFO] Scheduling next credential refresh in 1799.0 seconds
2026-06-12 23:15:58,242 [INFO] command processing is alive.
2026-06-12 23:20:58,606 [INFO] command processing is alive.
2026-06-12 23:25:58,998 [INFO] command processing is alive.
2026-06-12 23:30:59,354 [INFO] command processing is alive.
2026-06-12 23:35:59,708 [INFO] command processing is alive.
2026-06-12 23:41:00,114 [INFO] command processing is alive.
2026-06-12 23:43:55,319 [INFO] Refreshing listener credentials
2026-06-12 23:43:55,393 [INFO] Scheduling next credential refresh in 1799.0 seconds
2026-06-12 23:46:00,474 [INFO] command processing is alive.
2026-06-12 23:51:00,836 [INFO] command processing is alive.
2026-06-12 23:56:01,213 [INFO] command processing is alive.
2026-06-13 00:01:01,678 [INFO] command processing is alive.
2026-06-13 00:06:02,139 [INFO] command processing is alive.
2026-06-13 00:11:02,580 [INFO] command processing is alive.
2026-06-13 00:13:54,393 [INFO] Refreshing listener credentials
2026-06-13 00:13:54,477 [INFO] Scheduling next credential refresh in 1799.0 seconds
2026-06-13 00:16:03,071 [INFO] command processing is alive.
2026-06-13 00:21:03,502 [INFO] command processing is alive.
2026-06-13 00:26:03,900 [INFO] command processing is alive.
2026-06-13 00:31:04,281 [INFO] command processing is alive.
2026-06-13 00:36:04,645 [INFO] command processing is alive.
2026-06-13 00:41:05,028 [INFO] command processing is alive.
2026-06-13 00:43:53,477 [INFO] Refreshing listener credentials
2026-06-13 00:43:53,570 [INFO] Scheduling next credential refresh in 1799.0 seconds
2026-06-13 00:46:05,405 [INFO] command processing is alive.
2026-06-13 00:51:05,785 [INFO] command processing is alive.
2026-06-13 00:56:06,168 [INFO] command processing is alive.
2026-06-13 01:01:06,558 [INFO] command processing is alive.
2026-06-13 01:06:06,930 [INFO] command processing is alive.
2026-06-13 01:11:07,305 [INFO] command processing is alive.
2026-06-13 01:13:52,570 [INFO] Refreshing listener credentials
2026-06-13 01:13:52,642 [INFO] Scheduling next credential refresh in 1799.0 seconds
2026-06-13 01:16:07,700 [INFO] command processing is alive.
2026-06-13 01:21:08,087 [INFO] command processing is alive.
2026-06-13 01:26:08,435 [INFO] command processing is alive.
2026-06-13 01:31:08,829 [INFO] command processing is alive.
2026-06-13 01:36:09,255 [INFO] command processing is alive.
2026-06-13 01:41:09,671 [INFO] command processing is alive.
2026-06-13 01:43:51,643 [INFO] Refreshing listener credentials
2026-06-13 01:43:51,715 [INFO] Scheduling next credential refresh in 1799.0 seconds
2026-06-13 01:46:10,066 [INFO] command processing is alive.
2026-06-13 01:51:10,401 [INFO] command processing is alive.
2026-06-13 01:56:10,783 [INFO] command processing is alive.
2026-06-13 02:01:11,145 [INFO] command processing is alive.
2026-06-13 02:06:11,526 [INFO] command processing is alive.
2026-06-13 02:11:11,890 [INFO] command processing is alive.
2026-06-13 02:13:50,716 [INFO] Refreshing listener credentials
2026-06-13 02:13:50,789 [INFO] Scheduling next credential refresh in 1799.0 seconds
2026-06-13 02:16:12,281 [INFO] command processing is alive.
2026-06-13 02:21:12,645 [INFO] command processing is alive.
2026-06-13 02:26:13,010 [INFO] command processing is alive.
2026-06-13 02:31:13,381 [INFO] command processing is alive.
2026-06-13 02:36:13,744 [INFO] command processing is alive.
2026-06-13 02:41:14,134 [INFO] command processing is alive.
2026-06-13 02:43:49,790 [INFO] Refreshing listener credentials
2026-06-13 02:43:49,870 [INFO] Scheduling next credential refresh in 1799.0 seconds
2026-06-13 02:46:14,507 [INFO] command processing is alive.
2026-06-13 02:51:14,861 [INFO] command processing is alive.
2026-06-13 02:56:15,231 [INFO] command processing is alive.
2026-06-13 03:01:15,610 [INFO] command processing is alive.
2026-06-13 03:06:15,992 [INFO] command processing is alive.
2026-06-13 03:11:16,377 [INFO] command processing is alive.
2026-06-13 03:13:48,870 [INFO] Refreshing listener credentials
2026-06-13 03:13:48,943 [INFO] Scheduling next credential refresh in 1799.0 seconds
2026-06-13 03:16:16,775 [INFO] command processing is alive.
2026-06-13 03:21:17,176 [INFO] command processing is alive.
2026-06-13 03:26:17,536 [INFO] command processing is alive.
2026-06-13 03:31:17,923 [INFO] command processing is alive.
2026-06-13 03:36:18,450 [INFO] command processing is alive.
2026-06-13 03:41:18,838 [INFO] command processing is alive.
2026-06-13 03:43:47,943 [INFO] Refreshing listener credentials
2026-06-13 03:43:48,022 [INFO] Scheduling next credential refresh in 1799.0 seconds
2026-06-13 03:46:19,190 [INFO] command processing is alive.
2026-06-13 03:51:19,555 [INFO] command processing is alive.
2026-06-13 03:56:19,927 [INFO] command processing is alive.
2026-06-13 04:01:20,321 [INFO] command processing is alive.
2026-06-13 04:06:20,682 [INFO] command processing is alive.
2026-06-13 04:11:21,055 [INFO] command processing is alive.
2026-06-13 04:13:47,023 [INFO] Refreshing listener credentials
2026-06-13 04:13:47,090 [INFO] Scheduling next credential refresh in 1799.0 seconds
2026-06-13 04:16:21,530 [INFO] command processing is alive.
2026-06-13 04:21:21,962 [INFO] command processing is alive.
2026-06-13 04:26:22,553 [INFO] command processing is alive.
2026-06-13 04:31:23,098 [INFO] command processing is alive.
2026-06-13 04:36:23,535 [INFO] command processing is alive.
2026-06-13 04:41:23,931 [INFO] command processing is alive.
2026-06-13 04:43:46,091 [INFO] Refreshing listener credentials
2026-06-13 04:43:46,164 [INFO] Scheduling next credential refresh in 1799.0 seconds
2026-06-13 04:46:24,298 [INFO] command processing is alive.
2026-06-13 04:51:24,683 [INFO] command processing is alive.
2026-06-13 04:56:25,058 [INFO] command processing is alive.
2026-06-13 05:01:25,446 [INFO] command processing is alive.
2026-06-13 05:06:25,815 [INFO] command processing is alive.
2026-06-13 05:11:26,191 [INFO] command processing is alive.
2026-06-13 05:13:45,165 [INFO] Refreshing listener credentials
2026-06-13 05:13:45,239 [INFO] Scheduling next credential refresh in 1799.0 seconds
2026-06-13 05:16:26,581 [INFO] command processing is alive.
2026-06-13 05:21:26,949 [INFO] command processing is alive.
2026-06-13 05:26:27,349 [INFO] command processing is alive.
2026-06-13 05:31:27,746 [INFO] command processing is alive.
2026-06-13 05:36:28,121 [INFO] command processing is alive.
2026-06-13 05:41:28,486 [INFO] command processing is alive.
2026-06-13 05:43:44,239 [INFO] Refreshing listener credentials
2026-06-13 05:43:44,316 [INFO] Scheduling next credential refresh in 1799.0 seconds
2026-06-13 05:46:28,841 [INFO] command processing is alive.
2026-06-13 05:51:29,241 [INFO] command processing is alive.
2026-06-13 05:56:29,614 [INFO] command processing is alive.
2026-06-13 06:01:29,995 [INFO] command processing is alive.
2026-06-13 06:06:30,395 [INFO] command processing is alive.
2026-06-13 06:11:30,775 [INFO] command processing is alive.
2026-06-13 06:13:43,317 [INFO] Refreshing listener credentials
2026-06-13 06:13:43,388 [INFO] Scheduling next credential refresh in 1799.0 seconds
2026-06-13 06:16:31,155 [INFO] command processing is alive.
2026-06-13 06:21:31,545 [INFO] command processing is alive.
2026-06-13 06:26:31,924 [INFO] command processing is alive.
2026-06-13 06:31:32,297 [INFO] command processing is alive.
2026-06-13 06:36:32,686 [INFO] command processing is alive.
2026-06-13 06:41:33,051 [INFO] command processing is alive.
2026-06-13 06:43:42,388 [INFO] Refreshing listener credentials
2026-06-13 06:43:42,468 [INFO] Scheduling next credential refresh in 1799.0 seconds
2026-06-13 06:46:33,416 [INFO] command processing is alive.
2026-06-13 06:51:33,790 [INFO] command processing is alive.
2026-06-13 06:56:34,151 [INFO] command processing is alive.
2026-06-13 07:01:34,524 [INFO] command processing is alive.
2026-06-13 07:06:34,882 [INFO] command processing is alive.
2026-06-13 07:11:35,257 [INFO] command processing is alive.
2026-06-13 07:13:41,468 [INFO] Refreshing listener credentials
2026-06-13 07:13:41,545 [INFO] Scheduling next credential refresh in 1799.0 seconds
2026-06-13 07:16:35,643 [INFO] command processing is alive.
2026-06-13 07:21:36,033 [INFO] command processing is alive.
2026-06-13 07:26:36,403 [INFO] command processing is alive.
2026-06-13 07:31:36,797 [INFO] command processing is alive.
2026-06-13 07:36:37,177 [INFO] command processing is alive.
2026-06-13 07:41:37,550 [INFO] command processing is alive.
2026-06-13 07:43:40,545 [INFO] Refreshing listener credentials
2026-06-13 07:43:40,619 [INFO] Scheduling next credential refresh in 1799.0 seconds
2026-06-13 07:46:37,907 [INFO] command processing is alive.
2026-06-13 07:51:38,269 [INFO] command processing is alive.
2026-06-13 07:56:38,645 [INFO] command processing is alive.
2026-06-13 08:01:38,990 [INFO] command processing is alive.
2026-06-13 08:06:39,359 [INFO] command processing is alive.
2026-06-13 08:11:39,742 [INFO] command processing is alive.
2026-06-13 08:13:39,619 [INFO] Refreshing listener credentials
2026-06-13 08:13:39,703 [INFO] Scheduling next credential refresh in 1799.0 seconds
2026-06-13 08:16:40,136 [INFO] command processing is alive.
2026-06-13 08:21:40,528 [INFO] command processing is alive.
2026-06-13 08:26:40,900 [INFO] command processing is alive.
2026-06-13 08:31:41,280 [INFO] command processing is alive.
2026-06-13 08:36:41,721 [INFO] command processing is alive.
2026-06-13 08:41:42,238 [INFO] command processing is alive.
2026-06-13 08:43:38,704 [INFO] Refreshing listener credentials
2026-06-13 08:43:38,782 [INFO] Scheduling next credential refresh in 1799.0 seconds
2026-06-13 08:46:42,725 [INFO] command processing is alive.
2026-06-13 08:51:43,209 [INFO] command processing is alive.
2026-06-13 08:56:43,754 [INFO] command processing is alive.
2026-06-13 09:01:44,154 [INFO] command processing is alive.
2026-06-13 09:06:44,535 [INFO] command processing is alive.
2026-06-13 09:11:44,920 [INFO] command processing is alive.
2026-06-13 09:13:37,782 [INFO] Refreshing listener credentials
2026-06-13 09:13:37,851 [INFO] Scheduling next credential refresh in 1799.0 seconds
2026-06-13 09:16:45,302 [INFO] command processing is alive.
2026-06-13 09:21:45,694 [INFO] command processing is alive.
2026-06-13 09:26:46,069 [INFO] command processing is alive.
2026-06-13 09:31:46,470 [INFO] command processing is alive.
2026-06-13 09:36:46,861 [INFO] command processing is alive.
2026-06-13 09:41:47,252 [INFO] command processing is alive.
2026-06-13 09:43:36,852 [INFO] Refreshing listener credentials
2026-06-13 09:43:36,924 [INFO] Scheduling next credential refresh in 1799.0 seconds
2026-06-13 09:46:47,645 [INFO] command processing is alive.
2026-06-13 09:51:48,017 [INFO] command processing is alive.
2026-06-13 09:56:48,393 [INFO] command processing is alive.
2026-06-13 10:01:48,773 [INFO] command processing is alive.
2026-06-13 10:06:49,143 [INFO] command processing is alive.
2026-06-13 10:11:49,526 [INFO] command processing is alive.
2026-06-13 10:13:35,925 [INFO] Refreshing listener credentials
2026-06-13 10:13:36,006 [INFO] Scheduling next credential refresh in 1799.0 seconds
2026-06-13 10:16:49,920 [INFO] command processing is alive.
2026-06-13 10:21:50,289 [INFO] command processing is alive.
2026-06-13 10:26:50,663 [INFO] command processing is alive.
2026-06-13 10:31:51,040 [INFO] command processing is alive.
2026-06-13 10:36:51,440 [INFO] command processing is alive.
2026-06-13 10:41:51,827 [INFO] command processing is alive.
2026-06-13 10:43:35,006 [INFO] Refreshing listener credentials
2026-06-13 10:43:35,077 [INFO] Scheduling next credential refresh in 1799.0 seconds
2026-06-13 10:46:52,213 [INFO] command processing is alive.
2026-06-13 10:51:52,591 [INFO] command processing is alive.
2026-06-13 10:56:52,971 [INFO] command processing is alive.
2026-06-13 11:01:53,369 [INFO] command processing is alive.
2026-06-13 11:06:53,769 [INFO] command processing is alive.
2026-06-13 11:11:54,135 [INFO] command processing is alive.
2026-06-13 11:13:34,077 [INFO] Refreshing listener credentials
2026-06-13 11:13:34,152 [INFO] Scheduling next credential refresh in 1799.0 seconds
2026-06-13 11:16:54,515 [INFO] command processing is alive.
2026-06-13 11:21:54,893 [INFO] command processing is alive.
2026-06-13 11:26:55,254 [INFO] command processing is alive.
2026-06-13 11:31:55,677 [INFO] command processing is alive.
2026-06-13 11:36:56,038 [INFO] command processing is alive.
2026-06-13 11:41:56,459 [INFO] command processing is alive.
2026-06-13 11:43:33,153 [INFO] Refreshing listener credentials
2026-06-13 11:43:33,227 [INFO] Scheduling next credential refresh in 1799.0 seconds
2026-06-13 11:46:56,828 [INFO] command processing is alive.
2026-06-13 11:51:57,212 [INFO] command processing is alive.
2026-06-13 11:56:57,592 [INFO] command processing is alive.
2026-06-13 12:01:57,966 [INFO] command processing is alive.
2026-06-13 12:06:58,354 [INFO] command processing is alive.
2026-06-13 12:11:58,710 [INFO] command processing is alive.
2026-06-13 12:13:32,227 [INFO] Refreshing listener credentials
2026-06-13 12:13:32,305 [INFO] Scheduling next credential refresh in 1799.0 seconds
2026-06-13 12:16:59,076 [INFO] command processing is alive.
2026-06-13 12:21:59,435 [INFO] command processing is alive.
2026-06-13 12:26:59,825 [INFO] command processing is alive.
2026-06-13 12:32:00,253 [INFO] command processing is alive.
2026-06-13 12:37:00,636 [INFO] command processing is alive.
2026-06-13 12:42:01,014 [INFO] command processing is alive.
2026-06-13 12:43:31,305 [INFO] Refreshing listener credentials
2026-06-13 12:43:31,381 [INFO] Scheduling next credential refresh in 1799.0 seconds
2026-06-13 12:47:01,445 [INFO] command processing is alive.
2026-06-13 12:52:01,953 [INFO] command processing is alive.
2026-06-13 12:57:02,512 [INFO] command processing is alive.
2026-06-13 13:02:02,998 [INFO] command processing is alive.
2026-06-13 13:07:03,469 [INFO] command processing is alive.
2026-06-13 13:12:03,904 [INFO] command processing is alive.
2026-06-13 13:13:30,381 [INFO] Refreshing listener credentials
2026-06-13 13:13:30,455 [INFO] Scheduling next credential refresh in 1799.0 seconds
2026-06-13 13:17:04,325 [INFO] command processing is alive.
2026-06-13 13:22:04,730 [INFO] command processing is alive.
2026-06-13 13:27:05,133 [INFO] command processing is alive.
2026-06-13 13:32:05,519 [INFO] command processing is alive.
2026-06-13 13:37:05,906 [INFO] command processing is alive.
2026-06-13 13:42:06,269 [INFO] command processing is alive.
2026-06-13 13:43:29,456 [INFO] Refreshing listener credentials
2026-06-13 13:43:29,526 [INFO] Scheduling next credential refresh in 1799.0 seconds
2026-06-13 13:47:06,644 [INFO] command processing is alive.
2026-06-13 13:52:07,013 [INFO] command processing is alive.
2026-06-13 13:57:07,392 [INFO] command processing is alive.
2026-06-13 14:02:07,781 [INFO] command processing is alive.
2026-06-13 14:07:08,158 [INFO] command processing is alive.
2026-06-13 14:12:08,543 [INFO] command processing is alive.
2026-06-13 14:13:28,526 [INFO] Refreshing listener credentials
2026-06-13 14:13:28,601 [INFO] Scheduling next credential refresh in 1799.0 seconds
2026-06-13 14:17:08,907 [INFO] command processing is alive.
2026-06-13 14:22:09,287 [INFO] command processing is alive.
2026-06-13 14:27:09,681 [INFO] command processing is alive.
2026-06-13 14:32:10,101 [INFO] command processing is alive.
2026-06-13 14:37:10,547 [INFO] command processing is alive.
2026-06-13 14:42:10,936 [INFO] command processing is alive.
2026-06-13 14:43:27,601 [INFO] Refreshing listener credentials
2026-06-13 14:43:27,685 [INFO] Scheduling next credential refresh in 1799.0 seconds
2026-06-13 14:47:11,302 [INFO] command processing is alive.
2026-06-13 14:52:11,652 [INFO] command processing is alive.
2026-06-13 14:57:12,021 [INFO] command processing is alive.
2026-06-13 15:02:12,400 [INFO] command processing is alive.
2026-06-13 15:07:12,791 [INFO] command processing is alive.
2026-06-13 15:12:13,211 [INFO] command processing is alive.
2026-06-13 15:13:26,685 [INFO] Refreshing listener credentials
2026-06-13 15:13:26,758 [INFO] Scheduling next credential refresh in 1799.0 seconds
2026-06-13 15:17:13,592 [INFO] command processing is alive.
2026-06-13 15:22:13,975 [INFO] command processing is alive.
2026-06-13 15:27:14,348 [INFO] command processing is alive.
2026-06-13 15:32:14,735 [INFO] command processing is alive.
2026-06-13 15:37:15,114 [INFO] command processing is alive.
2026-06-13 15:42:15,486 [INFO] command processing is alive.
2026-06-13 15:43:25,759 [INFO] Refreshing listener credentials
2026-06-13 15:43:25,836 [INFO] Scheduling next credential refresh in 1799.0 seconds
2026-06-13 15:47:15,873 [INFO] command processing is alive.
2026-06-13 15:52:16,249 [INFO] command processing is alive.
2026-06-13 15:57:16,612 [INFO] command processing is alive.
2026-06-13 16:02:16,996 [INFO] command processing is alive.
2026-06-13 16:07:17,368 [INFO] command processing is alive.
2026-06-13 16:12:17,738 [INFO] command processing is alive.
2026-06-13 16:13:24,836 [INFO] Refreshing listener credentials
2026-06-13 16:13:24,912 [INFO] Scheduling next credential refresh in 1799.0 seconds
2026-06-13 16:17:18,117 [INFO] command processing is alive.
2026-06-13 16:22:18,486 [INFO] command processing is alive.
2026-06-13 16:27:18,866 [INFO] command processing is alive.
2026-06-13 16:32:19,243 [INFO] command processing is alive.
2026-06-13 16:37:19,621 [INFO] command processing is alive.
2026-06-13 16:42:20,002 [INFO] command processing is alive.
2026-06-13 16:43:23,912 [INFO] Refreshing listener credentials
2026-06-13 16:43:23,989 [INFO] Scheduling next credential refresh in 1799.0 seconds
2026-06-13 16:47:20,364 [INFO] command processing is alive.
2026-06-13 16:52:20,738 [INFO] command processing is alive.
2026-06-13 16:57:21,126 [INFO] command processing is alive.
2026-06-13 17:02:21,570 [INFO] command processing is alive.
2026-06-13 17:07:22,100 [INFO] command processing is alive.
2026-06-13 17:12:22,655 [INFO] command processing is alive.
2026-06-13 17:13:22,990 [INFO] Refreshing listener credentials
2026-06-13 17:13:23,063 [INFO] Scheduling next credential refresh in 1799.0 seconds
2026-06-13 17:17:23,103 [INFO] command processing is alive.
2026-06-13 17:22:23,524 [INFO] command processing is alive.
2026-06-13 17:27:23,913 [INFO] command processing is alive.
2026-06-13 17:32:24,310 [INFO] command processing is alive.
2026-06-13 17:37:24,705 [INFO] command processing is alive.
2026-06-13 17:42:25,073 [INFO] command processing is alive.
2026-06-13 17:43:22,064 [INFO] Refreshing listener credentials
2026-06-13 17:43:22,143 [INFO] Scheduling next credential refresh in 1799.0 seconds
2026-06-13 17:47:25,466 [INFO] command processing is alive.
2026-06-13 17:52:25,848 [INFO] command processing is alive.
2026-06-13 17:57:26,224 [INFO] command processing is alive.
2026-06-13 18:02:26,605 [INFO] command processing is alive.
2026-06-13 18:07:26,971 [INFO] command processing is alive.
2026-06-13 18:12:27,371 [INFO] command processing is alive.
2026-06-13 18:13:21,144 [INFO] Refreshing listener credentials
2026-06-13 18:13:21,226 [INFO] Scheduling next credential refresh in 1799.0 seconds
2026-06-13 18:17:27,743 [INFO] command processing is alive.
2026-06-13 18:22:28,109 [INFO] command processing is alive.
2026-06-13 18:27:28,485 [INFO] command processing is alive.
2026-06-13 18:32:28,830 [INFO] command processing is alive.
2026-06-13 18:37:29,189 [INFO] command processing is alive.
2026-06-13 18:42:29,553 [INFO] command processing is alive.
2026-06-13 18:43:20,227 [INFO] Refreshing listener credentials
2026-06-13 18:43:20,296 [INFO] Scheduling next credential refresh in 1799.0 seconds
2026-06-13 18:47:29,918 [INFO] command processing is alive.
2026-06-13 18:52:30,310 [INFO] command processing is alive.
2026-06-13 18:57:30,681 [INFO] command processing is alive.
2026-06-13 19:02:31,051 [INFO] command processing is alive.
2026-06-13 19:07:31,454 [INFO] command processing is alive.
2026-06-13 19:12:31,814 [INFO] command processing is alive.
2026-06-13 19:13:19,296 [INFO] Refreshing listener credentials
2026-06-13 19:13:19,376 [INFO] Scheduling next credential refresh in 1799.0 seconds
2026-06-13 19:17:32,183 [INFO] command processing is alive.
2026-06-13 19:22:32,547 [INFO] command processing is alive.
2026-06-13 19:27:32,901 [INFO] command processing is alive.
2026-06-13 19:32:33,270 [INFO] command processing is alive.
2026-06-13 19:37:33,638 [INFO] command processing is alive.
2026-06-13 19:42:34,017 [INFO] command processing is alive.
2026-06-13 19:43:18,376 [INFO] Refreshing listener credentials
2026-06-13 19:43:18,446 [INFO] Scheduling next credential refresh in 1799.0 seconds
2026-06-13 19:47:34,378 [INFO] command processing is alive.
2026-06-13 19:52:34,745 [INFO] command processing is alive.
2026-06-13 19:57:35,110 [INFO] command processing is alive.
2026-06-13 20:02:35,470 [INFO] command processing is alive.
2026-06-13 20:07:35,855 [INFO] command processing is alive.
2026-06-13 20:12:36,211 [INFO] command processing is alive.
2026-06-13 20:13:17,447 [INFO] Refreshing listener credentials
2026-06-13 20:13:17,524 [INFO] Scheduling next credential refresh in 1799.0 seconds
2026-06-13 20:17:36,571 [INFO] command processing is alive.
2026-06-13 20:22:36,929 [INFO] command processing is alive.
2026-06-13 20:27:37,295 [INFO] command processing is alive.
2026-06-13 20:32:37,655 [INFO] command processing is alive.
2026-06-13 20:37:38,023 [INFO] command processing is alive.
2026-06-13 20:42:38,408 [INFO] command processing is alive.
2026-06-13 20:43:16,524 [INFO] Refreshing listener credentials
2026-06-13 20:43:16,594 [INFO] Scheduling next credential refresh in 1799.0 seconds
2026-06-13 20:47:38,762 [INFO] command processing is alive.
2026-06-13 20:52:39,130 [INFO] command processing is alive.
2026-06-13 20:57:39,522 [INFO] command processing is alive.
2026-06-13 21:02:39,922 [INFO] command processing is alive.
2026-06-13 21:07:40,331 [INFO] command processing is alive.
2026-06-13 21:12:40,702 [INFO] command processing is alive.
2026-06-13 21:13:15,595 [INFO] Refreshing listener credentials
2026-06-13 21:13:15,665 [INFO] Scheduling next credential refresh in 1799.0 seconds
2026-06-13 21:17:41,071 [INFO] command processing is alive.
2026-06-13 21:22:41,529 [INFO] command processing is alive.
2026-06-13 21:27:42,025 [INFO] command processing is alive.
2026-06-13 21:32:42,523 [INFO] command processing is alive.
2026-06-13 21:37:42,967 [INFO] command processing is alive.
2026-06-13 21:42:43,436 [INFO] command processing is alive.
2026-06-13 21:43:14,665 [INFO] Refreshing listener credentials
2026-06-13 21:43:14,734 [INFO] Scheduling next credential refresh in 1799.0 seconds
2026-06-13 21:47:43,817 [INFO] command processing is alive.
2026-06-13 21:52:44,174 [INFO] command processing is alive.
2026-06-13 21:57:44,526 [INFO] command processing is alive.
2026-06-13 22:02:44,902 [INFO] command processing is alive.
2026-06-13 22:07:45,288 [INFO] command processing is alive.
2026-06-13 22:12:45,680 [INFO] command processing is alive.
2026-06-13 22:13:13,734 [INFO] Refreshing listener credentials
2026-06-13 22:13:13,813 [INFO] Scheduling next credential refresh in 1799.0 seconds
2026-06-13 22:17:46,069 [INFO] command processing is alive.
2026-06-13 22:22:46,445 [INFO] command processing is alive.
2026-06-13 22:27:46,825 [INFO] command processing is alive.
2026-06-13 22:32:47,212 [INFO] command processing is alive.
2026-06-13 22:37:47,590 [INFO] command processing is alive.
2026-06-13 22:42:47,967 [INFO] command processing is alive.
2026-06-13 22:43:12,814 [INFO] Refreshing listener credentials
2026-06-13 22:43:12,893 [INFO] Scheduling next credential refresh in 1799.0 seconds
2026-06-13 22:47:48,351 [INFO] command processing is alive.
2026-06-13 22:52:48,743 [INFO] command processing is alive.
2026-06-13 22:57:49,106 [INFO] command processing is alive.
2026-06-13 23:02:49,477 [INFO] command processing is alive.
2026-06-13 23:07:49,850 [INFO] command processing is alive.
2026-06-13 23:12:50,210 [INFO] command processing is alive.
2026-06-13 23:13:11,894 [INFO] Refreshing listener credentials
2026-06-13 23:13:11,961 [INFO] Scheduling next credential refresh in 1799.0 seconds
2026-06-13 23:17:50,584 [INFO] command processing is alive.
2026-06-13 23:22:50,936 [INFO] command processing is alive.
2026-06-13 23:27:51,287 [INFO] command processing is alive.
2026-06-13 23:32:51,661 [INFO] command processing is alive.
2026-06-13 23:37:52,019 [INFO] command processing is alive.
2026-06-13 23:42:52,388 [INFO] command processing is alive.
2026-06-13 23:43:10,961 [INFO] Refreshing listener credentials
2026-06-13 23:43:11,039 [INFO] Scheduling next credential refresh in 1799.0 seconds
2026-06-13 23:47:52,749 [INFO] command processing is alive.
2026-06-13 23:52:53,113 [INFO] command processing is alive.
2026-06-13 23:57:53,471 [INFO] command processing is alive.
2026-06-14 00:02:53,837 [INFO] command processing is alive.
2026-06-14 00:07:54,209 [INFO] command processing is alive.
2026-06-14 00:12:54,578 [INFO] command processing is alive.
2026-06-14 00:13:10,039 [INFO] Refreshing listener credentials
2026-06-14 00:13:10,122 [INFO] Scheduling next credential refresh in 1799.0 seconds
2026-06-14 00:17:54,948 [INFO] command processing is alive.
2026-06-14 00:22:55,315 [INFO] command processing is alive.
2026-06-14 00:27:55,690 [INFO] command processing is alive.
2026-06-14 00:32:56,054 [INFO] command processing is alive.
2026-06-14 00:37:56,418 [INFO] command processing is alive.
2026-06-14 00:42:56,776 [INFO] command processing is alive.
2026-06-14 00:43:09,122 [INFO] Refreshing listener credentials
2026-06-14 00:43:09,192 [INFO] Scheduling next credential refresh in 1799.0 seconds
2026-06-14 00:47:57,151 [INFO] command processing is alive.
2026-06-14 00:52:57,516 [INFO] command processing is alive.
2026-06-14 00:57:57,884 [INFO] command processing is alive.
2026-06-14 01:02:58,239 [INFO] command processing is alive.
2026-06-14 01:07:58,600 [INFO] command processing is alive.
2026-06-14 01:12:58,962 [INFO] command processing is alive.
2026-06-14 01:13:08,192 [INFO] Refreshing listener credentials
2026-06-14 01:13:08,268 [INFO] Scheduling next credential refresh in 1799.0 seconds
2026-06-14 01:17:59,325 [INFO] command processing is alive.
2026-06-14 01:22:59,706 [INFO] command processing is alive.
2026-06-14 01:28:00,106 [INFO] command processing is alive.
2026-06-14 01:33:00,482 [INFO] command processing is alive.
2026-06-14 01:38:00,852 [INFO] command processing is alive.
2026-06-14 01:43:01,255 [INFO] command processing is alive.
2026-06-14 01:43:07,268 [INFO] Refreshing listener credentials
2026-06-14 01:43:07,361 [INFO] Scheduling next credential refresh in 1799.0 seconds
2026-06-14 01:48:01,739 [INFO] command processing is alive.
2026-06-14 01:53:02,346 [INFO] command processing is alive.
2026-06-14 01:58:02,809 [INFO] command processing is alive.
2026-06-14 02:03:03,241 [INFO] command processing is alive.
2026-06-14 02:08:03,630 [INFO] command processing is alive.
2026-06-14 02:13:04,021 [INFO] command processing is alive.
2026-06-14 02:13:06,361 [INFO] Refreshing listener credentials
2026-06-14 02:13:06,457 [INFO] Scheduling next credential refresh in 1799.0 seconds
2026-06-14 02:18:04,424 [INFO] command processing is alive.
2026-06-14 02:23:04,796 [INFO] command processing is alive.
2026-06-14 02:28:05,163 [INFO] command processing is alive.
2026-06-14 02:33:05,547 [INFO] command processing is alive.
2026-06-14 02:38:05,925 [INFO] command processing is alive.
2026-06-14 02:43:05,458 [INFO] Refreshing listener credentials
2026-06-14 02:43:05,531 [INFO] Scheduling next credential refresh in 1799.0 seconds
2026-06-14 02:43:06,280 [INFO] command processing is alive.
2026-06-14 02:48:06,663 [INFO] command processing is alive.
2026-06-14 02:53:07,048 [INFO] command processing is alive.
2026-06-14 02:58:07,423 [INFO] command processing is alive.
2026-06-14 03:03:07,788 [INFO] command processing is alive.
2026-06-14 03:08:08,160 [INFO] command processing is alive.
2026-06-14 03:13:04,531 [INFO] Refreshing listener credentials
2026-06-14 03:13:04,609 [INFO] Scheduling next credential refresh in 1799.0 seconds
2026-06-14 03:13:08,523 [INFO] command processing is alive.
2026-06-14 03:18:08,908 [INFO] command processing is alive.
2026-06-14 03:23:09,292 [INFO] command processing is alive.
2026-06-14 03:28:09,652 [INFO] command processing is alive.
2026-06-14 03:33:10,018 [INFO] command processing is alive.
2026-06-14 03:38:10,415 [INFO] command processing is alive.
2026-06-14 03:43:03,610 [INFO] Refreshing listener credentials
2026-06-14 03:43:03,684 [INFO] Scheduling next credential refresh in 1799.0 seconds
2026-06-14 03:43:10,796 [INFO] command processing is alive.
2026-06-14 03:48:11,154 [INFO] command processing is alive.
2026-06-14 03:53:11,555 [INFO] command processing is alive.
2026-06-14 03:58:11,929 [INFO] command processing is alive.
2026-06-14 04:03:12,290 [INFO] command processing is alive.
2026-06-14 04:08:12,665 [INFO] command processing is alive.
2026-06-14 04:13:02,685 [INFO] Refreshing listener credentials
2026-06-14 04:13:02,771 [INFO] Scheduling next credential refresh in 1799.0 seconds
2026-06-14 04:13:13,064 [INFO] command processing is alive.
2026-06-14 04:18:13,431 [INFO] command processing is alive.
2026-06-14 04:19:31,048 [INFO] Received command ElasticBeanstalkCommand-AWSEBAutoScalingGroup (invocation id: cbc2d70f-01cc-4b30-b2d1-672d615d10da)
2026-06-14 04:19:31,049 [INFO] Running action for aws-eb-command-handler
2026-06-14 04:19:32,459 [INFO] Action for aws-eb-command-handler succeeded, returning SUCCESS
2026-06-14 04:23:32,815 [INFO] command processing is alive.
2026-06-14 04:28:33,191 [INFO] command processing is alive.
2026-06-14 04:33:33,564 [INFO] command processing is alive.
2026-06-14 04:38:33,934 [INFO] command processing is alive.
2026-06-14 04:43:01,771 [INFO] Refreshing listener credentials
2026-06-14 04:43:01,871 [INFO] Scheduling next credential refresh in 1799.0 seconds
2026-06-14 04:43:34,314 [INFO] command processing is alive.
2026-06-14 04:48:34,691 [INFO] command processing is alive.
2026-06-14 04:53:35,070 [INFO] command processing is alive.
2026-06-14 04:58:35,432 [INFO] command processing is alive.
2026-06-14 05:03:35,825 [INFO] command processing is alive.
2026-06-14 05:08:36,213 [INFO] command processing is alive.
2026-06-14 05:11:00,940 [INFO] Received command ElasticBeanstalkCommand-AWSEBAutoScalingGroup (invocation id: 8ff21637-8741-4063-b7db-bc371c55fadd)
2026-06-14 05:11:00,940 [INFO] Running action for aws-eb-command-handler
2026-06-14 05:11:03,799 [INFO] Action for aws-eb-command-handler succeeded, returning SUCCESS
2026-06-14 05:12:38,436 [INFO] Received command ElasticBeanstalkCommand-AWSEBAutoScalingGroup (invocation id: 6eaac4f7-f58a-42f3-acbf-5df34b32c791)
2026-06-14 05:12:38,437 [INFO] Running action for aws-eb-command-handler
2026-06-14 05:12:39,052 [INFO] Action for aws-eb-command-handler succeeded, returning SUCCESS
2026-06-14 05:13:00,871 [INFO] Refreshing listener credentials
2026-06-14 05:13:00,946 [INFO] Scheduling next credential refresh in 1799.0 seconds
2026-06-14 05:13:39,167 [INFO] command processing is alive.
2026-06-14 05:16:27,359 [INFO] Received command ElasticBeanstalkCommand-AWSEBAutoScalingGroup (invocation id: 03b4809d-0b4a-4623-9067-1b68b6ea2f3c)
2026-06-14 05:16:27,359 [INFO] Running action for aws-eb-command-handler
2026-06-14 05:16:28,984 [INFO] Action for aws-eb-command-handler succeeded, returning SUCCESS
2026-06-14 05:18:49,242 [INFO] command processing is alive.
2026-06-14 05:23:49,595 [INFO] command processing is alive.
2026-06-14 05:28:49,965 [INFO] command processing is alive.
2026-06-14 05:30:08,122 [INFO] Received command ElasticBeanstalkCommand-AWSEBAutoScalingGroup (invocation id: 7d76995c-ec2f-4e55-b54c-2b2329ebaabe)
2026-06-14 05:30:08,123 [INFO] Running action for aws-eb-command-handler
2026-06-14 05:30:09,802 [INFO] Action for aws-eb-command-handler succeeded, returning SUCCESS
2026-06-14 05:33:50,120 [INFO] command processing is alive.
2026-06-14 05:38:50,485 [INFO] command processing is alive.
2026-06-14 05:42:09,457 [INFO] Received command ElasticBeanstalkCommand-AWSEBAutoScalingGroup (invocation id: 0a15699c-05d0-4831-8606-0fdcf343d3c7)
2026-06-14 05:42:09,457 [INFO] Running action for aws-eb-command-handler
2026-06-14 05:42:11,302 [INFO] Action for aws-eb-command-handler succeeded, returning SUCCESS
2026-06-14 05:42:37,563 [INFO] Received command ElasticBeanstalkCommand-AWSEBAutoScalingGroup (invocation id: b7bdef51-5b50-4e68-9c19-6bc8c4bf5d8b)
2026-06-14 05:42:37,563 [INFO] Running action for aws-eb-command-handler
2026-06-14 05:42:38,174 [INFO] Action for aws-eb-command-handler succeeded, returning SUCCESS
2026-06-14 05:42:59,947 [INFO] Refreshing listener credentials
2026-06-14 05:43:00,019 [INFO] Scheduling next credential refresh in 1799.0 seconds
2026-06-14 05:43:09,920 [INFO] Received command ElasticBeanstalkCommand-AWSEBAutoScalingGroup (invocation id: 34410d68-45d5-4275-a7fb-8539faae6ea5)
2026-06-14 05:43:09,920 [INFO] Running action for aws-eb-command-handler
